"Tw","alpha_A_liquid","alpha_liquid","alpha_rhoE_A_liquid","alpha_rhoE_A_vapor","alpha_rho_A_liquid","alpha_rho_A_vapor","alpha_rhou_A_liquid","alpha_rhou_A_vapor","alpha_vapor","area","density_liquid","density_vapor","enthalpy_liquid","enthalpy_vapor","heat_flux_perimeter","heat_transfer_coefficient_liquid","heat_transfer_coefficient_vapor","hydraulic_diameter","internal_energy_liquid","internal_energy_vapor","momentum_liquid","momentum_vapor","pressure_liquid","pressure_vapor","temperature_liquid","temperature_vapor","total_energy_liquid","total_energy_vapor","total_enthalpy_flux","total_mass_flux","velocity_liquid","velocity_vapor","void_averaged_density","void_averaged_total_energy","GlobalNodeId","PedigreeNodeId","Points:0","Points:1","Points:2"
550,0.16073,0.5,131673,12764.4,0.127647,0.00497883,0.344723,0.013446,0.5,0.00032146,794.168,30.9763,1.04049e+06,2.79323e+06,0.0314159,100000,100000,0.0409296,8.19212e+08,7.94147e+07,2144.73,83.656,7.10875e+06,7.10908e+06,517.267,513.194,8.19215e+08,7.94148e+07,1.23262e+09,1114.19,2.7006,2.70064,412.572,4.49315e+08,1,1,0,0,0
550,0.160701,0.499909,132030,12719.6,0.127297,0.00495661,0.344749,0.0134238,0.500091,0.00032146,792.133,30.8325,1.04616e+06,2.79676e+06,0.0314159,100000,100000,0.0409296,8.21587e+08,7.91221e+07,2145.29,83.5024,7.10885e+06,7.10885e+06,518.595,515.572,8.2159e+08,7.91223e+07,1.23874e+09,1114.21,2.70824,2.70826,411.414,4.50288e+08,2,2,0.0388,0,0
550,0.1607,0.499905,132391,12691.6,0.126986,0.00494279,0.344753,0.0134192,0.500095,0.00032146,790.205,30.7463,1.05156e+06,2.7989e+06,0.0314159,100000,100000,0.0409296,8.23837e+08,7.89471e+07,2145.32,83.4734,7.10879e+06,7.10879e+06,519.861,517.012,8.2384e+08,7.89472e+07,1.2446e+09,1114.2,2.7149,2.71491,410.404,4.51323e+08,3,3,0.0776,0,0
550,0.160694,0.499888,132729,12675.2,0.126687,0.00493468,0.344747,0.0134285,0.500112,0.00032146,788.376,30.6948,1.05671e+06,2.80019e+06,0.0314159,100000,100000,0.0409296,8.25971e+08,7.88423e+07,2145.36,83.5281,7.10872e+06,7.10872e+06,521.067,517.876,8.25974e+08,7.88424e+07,1.25023e+09,1114.21,2.72124,2.72125,409.451,4.52325e+08,4,4,0.1164,0,0
550,0.160666,0.499802,133031,12667.3,0.126387,0.00493057,0.344725,0.0134484,0.500198,0.00032146,786.642,30.6639,1.06161e+06,2.80096e+06,0.0314159,100000,100000,0.0409296,8.27995e+08,7.87796e+07,2145.6,83.6375,7.10865e+06,7.10865e+06,522.215,518.391,8.27998e+08,7.87797e+07,1.25562e+09,1114.21,2.72754,2.72755,408.503,4.53241e+08,5,5,0.1552,0,0
550,0.160606,0.499615,133290,12666,0.126075,0.00492945,0.344699,0.0134775,0.500385,0.00032146,784.997,30.6455,1.06628e+06,2.80141e+06,0.0314159,100000,100000,0.0409296,8.29915e+08,7.8742e+07,2146.23,83.7873,7.10859e+06,7.10859e+06,523.31,518.698,8.29918e+08,7.87421e+07,1.26081e+09,1114.22,2.73407,2.73408,407.531,4.54041e+08,6,6,0.194,0,0
550,0.16051,0.499315,133502,12669.9,0.125749,0.00493063,0.344661,0.0135142,0.500685,0.00032146,783.436,30.6345,1.07073e+06,2.80168e+06,0.0314159,100000,100000,0.0409296,8.31737e+08,7.87195e+07,2147.29,83.9651,7.10852e+06,7.10852e+06,524.352,518.88,8.31739e+08,7.87196e+07,1.26579e+09,1114.21,2.74086,2.74087,406.52,4.54714e+08,7,7,0.2328,0,0
550,0.160374,0.498894,133667,12678.4,0.125406,0.00493371,0.344619,0.0135581,0.501106,0.00032146,781.956,30.6279,1.07497e+06,2.80184e+06,0.0314159,100000,100000,0.0409296,8.33464e+08,7.87058e+07,2148.84,84.1667,7.10845e+06,7.10846e+06,525.345,518.987,8.33467e+08,7.8706e+07,1.27058e+09,1114.22,2.74803,2.74804,405.461,4.55252e+08,8,8,0.2716,0,0
550,0.1602,0.498353,133784,12690.8,0.125045,0.00493839,0.344568,0.0136081,0.501647,0.00032146,780.551,30.6238,1.079e+06,2.80194e+06,0.0314159,100000,100000,0.0409296,8.35103e+08,7.86975e+07,2150.85,84.386,7.10838e+06,7.10839e+06,526.29,519.051,8.35106e+08,7.86976e+07,1.27517e+09,1114.21,2.75556,2.75557,404.352,4.55656e+08,9,9,0.3104,0,0
550,0.159988,0.497692,133856,12706.6,0.124666,0.00494449,0.344513,0.0136641,0.502308,0.00032146,779.219,30.6213,1.08284e+06,2.80199e+06,0.0314159,100000,100000,0.0409296,8.36657e+08,7.86923e+07,2153.37,84.6223,7.10831e+06,7.10832e+06,527.19,519.088,8.3666e+08,7.86924e+07,1.2796e+09,1114.22,2.7635,2.76351,403.192,4.55927e+08,10,10,0.3492,0,0
550,0.159739,0.496917,133883,12725.7,0.12427,0.00495186,0.34445,0.0137256,0.503083,0.00032146,777.956,30.6198,1.08649e+06,2.80202e+06,0.0314159,100000,100000,0.0409296,8.38132e+08,7.86889e+07,2156.33,84.8719,7.10824e+06,7.10825e+06,528.046,519.11,8.38135e+08,7.8689e+07,1.28384e+09,1114.22,2.77179,2.7718,401.984,4.56071e+08,11,11,0.388,0,0
550,0.159454,0.496032,133867,12747.7,0.123857,0.00496041,0.344385,0.0137925,0.503968,0.00032146,776.757,30.6187,1.08997e+06,2.80204e+06,0.0314159,100000,100000,0.0409296,8.3953e+08,7.86867e+07,2159.77,85.1356,7.10817e+06,7.10818e+06,528.861,519.122,8.39533e+08,7.86868e+07,1.28792e+09,1114.22,2.7805,2.78051,400.727,4.56091e+08,12,12,0.4268,0,0
550,0.159137,0.495043,133812,12772.5,0.12343,0.00497002,0.344312,0.0138641,0.504957,0.00032146,775.621,30.618,1.09328e+06,2.80205e+06,0.0314159,100000,100000,0.0409296,8.40857e+08,7.86851e+07,2163.62,85.4105,7.1081e+06,7.10811e+06,529.636,519.129,8.4086e+08,7.86852e+07,1.29184e+09,1114.22,2.78954,2.78955,399.427,4.55995e+08,13,13,0.4656,0,0
550,0.158787,0.493955,133717,12799.8,0.122987,0.00498065,0.344237,0.0139408,0.506045,0.00032146,774.543,30.6175,1.09642e+06,2.80206e+06,0.0314159,100000,100000,0.0409296,8.42115e+08,7.86838e+07,2167.92,85.6978,7.10803e+06,7.10804e+06,530.373,519.133,8.42118e+08,7.8684e+07,1.29563e+09,1114.22,2.79897,2.79898,398.083,4.55786e+08,14,14,0.5044,0,0
550,0.158407,0.492773,133586,12829.5,0.122531,0.00499221,0.344154,0.0140217,0.507227,0.00032146,773.52,30.6171,1.09941e+06,2.80206e+06,0.0314159,100000,100000,0.0409296,8.43308e+08,7.86829e+07,2172.59,85.9949,7.10796e+06,7.10797e+06,531.074,519.135,8.43311e+08,7.8683e+07,1.29925e+09,1114.22,2.80871,2.80872,396.7,4.55471e+08,15,15,0.5432,0,0
550,0.157999,0.491503,133421,12861.5,0.122062,0.00500466,0.34407,0.0141073,0.508497,0.00032146,772.551,30.6167,1.10226e+06,2.80206e+06,0.0314159,100000,100000,0.0409296,8.44439e+08,7.8682e+07,2177.68,86.3033,7.10789e+06,7.1079e+06,531.74,519.135,8.44442e+08,7.86821e+07,1.30275e+09,1114.22,2.81882,2.81883,395.28,4.55055e+08,16,16,0.582,0,0
550,0.157564,0.490151,133223,12895.6,0.121581,0.00501792,0.343979,0.0141968,0.509849,0.00032146,771.632,30.6164,1.10496e+06,2.80206e+06,0.0314159,100000,100000,0.0409296,8.45512e+08,7.86812e+07,2183.11,86.6207,7.10781e+06,7.10783e+06,532.373,519.135,8.45515e+08,7.86813e+07,1.30611e+09,1114.22,2.82921,2.82922,393.826,4.54545e+08,17,17,0.6208,0,0
550,0.157104,0.488719,132993,12931.7,0.121089,0.00503196,0.343887,0.0142905,0.511281,0.00032146,770.76,30.6161,1.10753e+06,2.80206e+06,0.0314159,100000,100000,0.0409296,8.46529e+08,7.86804e+07,2188.92,86.9485,7.10774e+06,7.10776e+06,532.975,519.135,8.46532e+08,7.86806e+07,1.30936e+09,1114.22,2.83994,2.83996,392.339,4.53944e+08,18,18,0.6596,0,0
550,0.15662,0.487216,132735,12969.6,0.120587,0.00504671,0.343788,0.014388,0.512784,0.00032146,769.934,30.6159,1.10997e+06,2.80206e+06,0.0314159,100000,100000,0.0409296,8.47493e+08,7.86797e+07,2195.04,87.2845,7.10767e+06,7.10768e+06,533.547,519.134,8.47496e+08,7.86798e+07,1.31248e+09,1114.21,2.85094,2.85095,390.823,4.53259e+08,19,19,0.6984,0,0
550,0.156115,0.485642,132449,13009.2,0.120076,0.00506215,0.343688,0.0144893,0.514358,0.00032146,769.15,30.6156,1.11229e+06,2.80206e+06,0.0314159,100000,100000,0.0409296,8.48407e+08,7.8679e+07,2201.51,87.6302,7.10759e+06,7.10761e+06,534.091,519.133,8.4841e+08,7.86791e+07,1.3155e+09,1114.22,2.86226,2.86227,389.279,4.52493e+08,20,20,0.7372,0,0
550,0.155589,0.484006,132138,13050.5,0.119555,0.00507821,0.343581,0.0145939,0.515994,0.00032146,768.408,30.6153,1.11449e+06,2.80206e+06,0.0314159,100000,100000,0.0409296,8.49274e+08,7.86783e+07,2208.27,87.9834,7.10752e+06,7.10753e+06,534.607,519.133,8.49277e+08,7.86784e+07,1.3184e+09,1114.21,2.87382,2.87384,387.711,4.51653e+08,21,21,0.776,0,0
550,0.155043,0.482308,131802,13093.3,0.119027,0.00509487,0.343475,0.0147023,0.517692,0.00032146,767.703,30.6151,1.11659e+06,2.80206e+06,0.0314159,100000,100000,0.0409296,8.50096e+08,7.86775e+07,2215.35,88.3458,7.10744e+06,7.10746e+06,535.097,519.132,8.50099e+08,7.86777e+07,1.32121e+09,1114.22,2.88569,2.8857,386.119,4.50741e+08,22,22,0.8148,0,0
550,0.15448,0.480556,131443,13137.5,0.118491,0.00511207,0.343361,0.0148137,0.519444,0.00032146,767.036,30.6148,1.11857e+06,2.80206e+06,0.0314159,100000,100000,0.0409296,8.50874e+08,7.86768e+07,2222.7,88.715,7.10736e+06,7.10738e+06,535.563,519.131,8.50877e+08,7.86769e+07,1.32391e+09,1114.21,2.89777,2.89778,384.507,4.49763e+08,23,23,0.8536,0,0
550,0.153899,0.478751,131063,13183,0.117949,0.00512979,0.343248,0.0149285,0.521249,0.00032146,766.404,30.6145,1.12046e+06,2.80205e+06,0.0314159,100000,100000,0.0409296,8.51612e+08,7.8676e+07,2230.34,89.0928,7.10729e+06,7.10731e+06,536.005,519.13,8.51616e+08,7.86762e+07,1.32653e+09,1114.22,2.91014,2.91015,382.874,4.48721e+08,24,24,0.8924,0,0
550,0.153304,0.476898,130663,13229.8,0.117401,0.00514798,0.343128,0.0150461,0.523102,0.00032146,765.804,30.6142,1.12225e+06,2.80205e+06,0.0314159,100000,100000,0.0409296,8.52312e+08,7.86753e+07,2238.23,89.4769,7.10721e+06,7.10723e+06,536.424,519.129,8.52315e+08,7.86754e+07,1.32904e+09,1114.21,2.92271,2.92272,381.225,4.47623e+08,25,25,0.9312,0,0
550,0.152693,0.474999,130244,13277.7,0.116847,0.00516661,0.343009,0.0151669,0.525001,0.00032146,765.236,30.6139,1.12395e+06,2.80205e+06,0.0314159,100000,100000,0.0409296,8.52974e+08,7.86745e+07,2246.39,89.8691,7.10713e+06,7.10715e+06,536.822,519.128,8.52978e+08,7.86747e+07,1.33149e+09,1114.22,2.93555,2.93556,379.559,4.46468e+08,26,26,0.97,0,0
550,0.15207,0.47306,129808,13326.6,0.116288,0.00518565,0.342884,0.0152904,0.52694,0.00032146,764.698,30.6136,1.12556e+06,2.80205e+06,0.0314159,100000,100000,0.0409296,8.53602e+08,7.86737e+07,2254.77,90.2671,7.10705e+06,7.10707e+06,537.2,519.128,8.53606e+08,7.86739e+07,1.33385e+09,1114.21,2.94858,2.94859,377.88,4.45263e+08,27,27,1.0088,0,0
550,0.151434,0.471082,129355,13376.5,0.115724,0.00520506,0.342759,0.0154167,0.528918,0.00032146,764.189,30.6133,1.12709e+06,2.80205e+06,0.0314159,100000,100000,0.0409296,8.54197e+08,7.8673e+07,2263.42,90.6727,7.10697e+06,7.107e+06,537.558,519.127,8.542e+08,7.86731e+07,1.33615e+09,1114.21,2.96186,2.96187,376.188,4.4401e+08,28,28,1.0476,0,0
550,0.150787,0.46907,128887,13427.2,0.115157,0.00522482,0.342628,0.0155455,0.53093,0.00032146,763.706,30.613,1.12854e+06,2.80205e+06,0.0314159,100000,100000,0.0409296,8.5476e+08,7.86722e+07,2272.26,91.0837,7.10689e+06,7.10692e+06,537.898,519.126,8.54764e+08,7.86723e+07,1.33836e+09,1114.21,2.97531,2.97532,374.485,4.42713e+08,29,29,1.0864,0,0
550,0.15013,0.467024,128405,13478.8,0.114586,0.00524489,0.342498,0.0156771,0.532976,0.00032146,763.249,30.6127,1.12991e+06,2.80205e+06,0.0314159,100000,100000,0.0409296,8.55294e+08,7.86714e+07,2281.35,91.5018,7.10681e+06,7.10684e+06,538.22,519.126,8.55297e+08,7.86715e+07,1.34051e+09,1114.21,2.989,2.98901,372.771,4.41374e+08,30,30,1.1252,0,0
550,0.149463,0.46495,127911,13531.1,0.114013,0.00526525,0.342363,0.0158108,0.53505,0.00032146,762.816,30.6124,1.13122e+06,2.80205e+06,0.0314159,100000,100000,0.0409296,8.55799e+08,7.86705e+07,2290.62,91.9248,7.10673e+06,7.10676e+06,538.526,519.125,8.55803e+08,7.86707e+07,1.34259e+09,1114.21,3.00285,3.00286,371.05,4.39998e+08,31,31,1.164,0,0
550,0.148787,0.462848,127404,13584.2,0.113436,0.00528588,0.342228,0.0159471,0.537152,0.00032146,762.406,30.6121,1.13245e+06,2.80205e+06,0.0314159,100000,100000,0.0409296,8.56278e+08,7.86697e+07,2300.12,92.3546,7.10665e+06,7.10668e+06,538.815,519.125,8.56281e+08,7.86698e+07,1.34462e+09,1114.21,3.01692,3.01693,369.321,4.38585e+08,32,32,1.2028,0,0
550,0.148104,0.460722,126886,13637.8,0.112858,0.00530674,0.342087,0.0160855,0.539278,0.00032146,762.018,30.6118,1.13362e+06,2.80205e+06,0.0314159,100000,100000,0.0409296,8.5673e+08,7.86689e+07,2309.78,92.7889,7.10657e+06,7.10659e+06,539.089,519.124,8.56734e+08,7.8669e+07,1.34658e+09,1114.21,3.03114,3.03115,367.587,4.37141e+08,33,33,1.2416,0,0
550,0.147413,0.458574,126357,13691.9,0.112277,0.00532782,0.341948,0.0162263,0.541426,0.00032146,761.65,30.6114,1.13473e+06,2.80205e+06,0.0314159,100000,100000,0.0409296,8.57159e+08,7.8668e+07,2319.65,93.2295,7.10649e+06,7.10651e+06,539.349,519.124,8.57162e+08,7.86682e+07,1.34849e+09,1114.21,3.04556,3.04558,365.847,4.35666e+08,34,34,1.2804,0,0
550,0.146717,0.456407,125820,13746.6,0.111696,0.00534909,0.341804,0.016369,0.543593,0.00032146,761.303,30.6111,1.13578e+06,2.80204e+06,0.0314159,100000,100000,0.0409296,8.57564e+08,7.86672e+07,2329.68,93.6743,7.10641e+06,7.10643e+06,539.595,519.123,8.57568e+08,7.86673e+07,1.35034e+09,1114.21,3.06013,3.06014,364.104,4.34163e+08,35,35,1.3192,0,0
550,0.146014,0.454222,125273,13801.7,0.111113,0.00537053,0.34166,0.0165138,0.545778,0.00032146,760.974,30.6108,1.13678e+06,2.80204e+06,0.0314159,100000,100000,0.0409296,8.57948e+08,7.86663e+07,2339.91,94.125,7.10632e+06,7.10635e+06,539.828,519.123,8.57951e+08,7.86664e+07,1.35215e+09,1114.21,3.07488,3.0749,362.358,4.32635e+08,36,36,1.358,0,0
550,0.145307,0.452023,124719,13857.2,0.11053,0.00539212,0.341512,0.0166605,0.547977,0.00032146,760.664,30.6104,1.13772e+06,2.80204e+06,0.0314159,100000,100000,0.0409296,8.5831e+08,7.86654e+07,2350.27,94.5796,7.10624e+06,7.10627e+06,540.049,519.123,8.58314e+08,7.86655e+07,1.35391e+09,1114.2,3.08977,3.08978,360.611,4.31084e+08,37,37,1.3968,0,0
550,0.144596,0.449809,124158,13913,0.109946,0.00541384,0.341365,0.0168092,0.550191,0.00032146,760.37,30.6101,1.13861e+06,2.80204e+06,0.0314159,100000,100000,0.0409296,8.58653e+08,7.86645e+07,2360.82,95.0398,7.10616e+06,7.10618e+06,540.258,519.122,8.58657e+08,7.86647e+07,1.35563e+09,1114.21,3.10484,3.10485,358.862,4.29512e+08,38,38,1.4356,0,0
550,0.14388,0.447584,123591,13969.1,0.109362,0.00543567,0.341213,0.0169595,0.552416,0.00032146,760.092,30.6097,1.13945e+06,2.80204e+06,0.0314159,100000,100000,0.0409296,8.58977e+08,7.86636e+07,2371.5,95.5034,7.10607e+06,7.1061e+06,540.455,519.122,8.58981e+08,7.86637e+07,1.35729e+09,1114.2,3.12002,3.12003,357.114,4.27921e+08,39,39,1.4744,0,0
550,0.143162,0.445349,123017,14025.4,0.108779,0.0054576,0.341062,0.0171117,0.554651,0.00032146,759.829,30.6094,1.14025e+06,2.80204e+06,0.0314159,100000,100000,0.0409296,8.59284e+08,7.86627e+07,2382.35,95.9724,7.10599e+06,7.10601e+06,540.642,519.122,8.59287e+08,7.86628e+07,1.35893e+09,1114.21,3.13538,3.13539,355.367,4.26313e+08,40,40,1.5132,0,0
550,0.142441,0.443106,122439,14082,0.108196,0.0054796,0.340906,0.0172654,0.556894,0.00032146,759.582,30.609,1.141e+06,2.80204e+06,0.0314159,100000,100000,0.0409296,8.59573e+08,7.86618e+07,2393.32,96.4445,7.1059e+06,7.10593e+06,540.818,519.122,8.59577e+08,7.86619e+07,1.36052e+09,1114.2,3.15084,3.15085,353.621,4.2469e+08,41,41,1.552,0,0
550,0.141718,0.440856,121856,14138.7,0.107613,0.00550168,0.340752,0.0174209,0.559144,0.00032146,759.347,30.6087,1.14171e+06,2.80204e+06,0.0314159,100000,100000,0.0409296,8.59846e+08,7.86608e+07,2404.44,96.9216,7.10582e+06,7.10584e+06,540.985,519.122,8.5985e+08,7.8661e+07,1.36208e+09,1114.21,3.16646,3.16647,351.878,4.23053e+08,42,42,1.5908,0,0
550,0.140993,0.438603,121269,14195.5,0.107032,0.00552379,0.340594,0.0175778,0.561397,0.00032146,759.126,30.6083,1.14238e+06,2.80204e+06,0.0314159,100000,100000,0.0409296,8.60104e+08,7.86599e+07,2415.68,97.4015,7.10573e+06,7.10576e+06,541.142,519.122,8.60107e+08,7.866e+07,1.3636e+09,1114.2,3.18218,3.18219,350.138,4.21405e+08,43,43,1.6296,0,0
550,0.140267,0.436344,120679,14252.5,0.106451,0.00554594,0.340437,0.0177363,0.563656,0.00032146,758.918,30.6079,1.14302e+06,2.80204e+06,0.0314159,100000,100000,0.0409296,8.60347e+08,7.86589e+07,2427.06,97.8862,7.10564e+06,7.10567e+06,541.291,519.122,8.60351e+08,7.86591e+07,1.36509e+09,1114.21,3.19805,3.19806,348.402,4.19746e+08,44,44,1.6684,0,0
550,0.139541,0.434084,120086,14309.4,0.105873,0.00556811,0.340276,0.017896,0.565916,0.00032146,758.721,30.6076,1.14362e+06,2.80204e+06,0.0314159,100000,100000,0.0409296,8.60576e+08,7.8658e+07,2438.54,98.3734,7.10556e+06,7.10558e+06,541.431,519.122,8.6058e+08,7.86581e+07,1.36654e+09,1114.2,3.21401,3.21402,346.67,4.18078e+08,45,45,1.7072,0,0
550,0.138814,0.431823,119490,14366.4,0.105295,0.00559029,0.340116,0.0180573,0.568177,0.00032146,758.536,30.6072,1.14418e+06,2.80204e+06,0.0314159,100000,100000,0.0409296,8.60792e+08,7.8657e+07,2450.16,98.865,7.10547e+06,7.10549e+06,541.563,519.122,8.60796e+08,7.86571e+07,1.36798e+09,1114.21,3.23011,3.23012,344.944,4.16403e+08,46,46,1.746,0,0
550,0.138087,0.429563,118893,14423.4,0.10472,0.00561246,0.339952,0.0182197,0.570437,0.00032146,758.362,30.6068,1.14471e+06,2.80204e+06,0.0314159,100000,100000,0.0409296,8.60996e+08,7.8656e+07,2461.86,99.3589,7.10538e+06,7.10541e+06,541.688,519.122,8.61e+08,7.86561e+07,1.36937e+09,1114.2,3.24629,3.2463,343.223,4.14722e+08,47,47,1.7848,0,0
550,0.137361,0.427303,118294,14480.4,0.104147,0.00563462,0.339789,0.0183836,0.572697,0.00032146,758.197,30.6064,1.14521e+06,2.80204e+06,0.0314159,100000,100000,0.0409296,8.61188e+08,7.8655e+07,2473.7,99.857,7.10529e+06,7.10532e+06,541.805,519.122,8.61192e+08,7.86552e+07,1.37075e+09,1114.21,3.2626,3.26262,341.508,4.13035e+08,48,48,1.8236,0,0
550,0.136635,0.425046,117694,14537.2,0.103576,0.00565675,0.339623,0.0185485,0.574954,0.00032146,758.043,30.606,1.14568e+06,2.80204e+06,0.0314159,100000,100000,0.0409296,8.61368e+08,7.8654e+07,2485.61,100.357,7.1052e+06,7.10523e+06,541.916,519.122,8.61372e+08,7.86541e+07,1.3721e+09,1114.2,3.27899,3.279,339.8,4.11346e+08,49,49,1.8624,0,0
550,0.135911,0.422793,117093,14594,0.103007,0.00567885,0.339458,0.0187147,0.577207,0.00032146,757.897,30.6056,1.14613e+06,2.80204e+06,0.0314159,100000,100000,0.0409296,8.61538e+08,7.8653e+07,2497.65,100.861,7.10511e+06,7.10514e+06,542.02,519.122,8.61542e+08,7.86531e+07,1.37343e+09,1114.21,3.2955,3.29551,338.099,4.09653e+08,50,50,1.9012,0,0
550,0.135188,0.420544,116492,14650.7,0.10244,0.00570089,0.339289,0.0188818,0.579456,0.00032146,757.76,30.6052,1.14655e+06,2.80204e+06,0.0314159,100000,100000,0.0409296,8.61697e+08,7.86519e+07,2509.76,101.367,7.10502e+06,7.10505e+06,542.117,519.123,8.61702e+08,7.86521e+07,1.37472e+09,1114.2,3.31207,3.31209,336.406,4.07959e+08,51,51,1.94,0,0
550,0.134467,0.4183,115890,14707.2,0.101876,0.0057229,0.339122,0.0190503,0.5817,0.00032146,757.632,30.6048,1.14694e+06,2.80205e+06,0.0314159,100000,100000,0.0409296,8.61847e+08,7.86509e+07,2521.98,101.877,7.10493e+06,7.10496e+06,542.209,519.123,8.61851e+08,7.86511e+07,1.37601e+09,1114.2,3.32876,3.32878,334.72,4.06264e+08,52,52,1.9788,0,0
550,0.133748,0.416063,115289,14763.6,0.101315,0.00574483,0.338952,0.0192194,0.583937,0.00032146,757.512,30.6044,1.1473e+06,2.80205e+06,0.0314159,100000,100000,0.0409296,8.61988e+08,7.86499e+07,2534.26,102.388,7.10484e+06,7.10487e+06,542.295,519.123,8.61992e+08,7.865e+07,1.37726e+09,1114.2,3.34551,3.34552,333.044,4.0457e+08,53,53,2.0176,0,0
550,0.133031,0.413832,114689,14819.8,0.100757,0.0057667,0.338783,0.0193898,0.586168,0.00032146,757.399,30.604,1.14765e+06,2.80205e+06,0.0314159,100000,100000,0.0409296,8.62119e+08,7.86488e+07,2546.65,102.902,7.10475e+06,7.10478e+06,542.376,519.124,8.62124e+08,7.8649e+07,1.37851e+09,1114.2,3.36237,3.36238,331.375,4.02876e+08,54,54,2.0564,0,0
550,0.132316,0.41161,114089,14875.8,0.100202,0.00578848,0.33861,0.0195609,0.58839,0.00032146,757.293,30.6036,1.14797e+06,2.80205e+06,0.0314159,100000,100000,0.0409296,8.62243e+08,7.86477e+07,2559.1,103.418,7.10466e+06,7.10468e+06,542.452,519.124,8.62247e+08,7.86479e+07,1.37972e+09,1114.2,3.37927,3.37929,329.716,4.01185e+08,55,55,2.0952,0,0
550,0.131604,0.409395,113491,14931.6,0.09965,0.00581019,0.338439,0.0197331,0.590605,0.00032146,757.194,30.6031,1.14827e+06,2.80205e+06,0.0314159,100000,100000,0.0409296,8.62358e+08,7.86467e+07,2571.64,103.937,7.10457e+06,7.10459e+06,542.523,519.124,8.62362e+08,7.86469e+07,1.38093e+09,1114.2,3.39628,3.3963,328.066,3.99496e+08,56,56,2.134,0,0
550,0.130896,0.407191,112893,14987.1,0.0991012,0.00583179,0.338265,0.0199059,0.592809,0.00032146,757.102,30.6027,1.14856e+06,2.80205e+06,0.0314159,100000,100000,0.0409296,8.62466e+08,7.86456e+07,2584.24,104.458,7.10448e+06,7.1045e+06,542.589,519.125,8.6247e+08,7.86458e+07,1.38211e+09,1114.2,3.41333,3.41334,326.426,3.97812e+08,57,57,2.1728,0,0
550,0.13019,0.404994,112298,15042.4,0.0985555,0.00585332,0.338093,0.0200798,0.595006,0.00032146,757.015,30.6023,1.14882e+06,2.80205e+06,0.0314159,100000,100000,0.0409296,8.62566e+08,7.86445e+07,2596.92,104.981,7.10438e+06,7.10441e+06,542.651,519.125,8.62571e+08,7.86447e+07,1.38329e+09,1114.2,3.43048,3.43049,324.796,3.9613e+08,58,58,2.2116,0,0
550,0.129487,0.40281,111704,15097.4,0.0980134,0.00587473,0.337917,0.0202541,0.59719,0.00032146,756.935,30.6018,1.14907e+06,2.80205e+06,0.0314159,100000,100000,0.0409296,8.6266e+08,7.86434e+07,2609.65,105.505,7.10429e+06,7.10431e+06,542.708,519.126,8.62665e+08,7.86436e+07,1.38444e+09,1114.2,3.44766,3.44768,323.176,3.94455e+08,59,59,2.2504,0,0
550,0.128788,0.400634,111112,15152.2,0.0974745,0.00589604,0.337743,0.0204295,0.599366,0.00032146,756.86,30.6014,1.1493e+06,2.80205e+06,0.0314159,100000,100000,0.0409296,8.62747e+08,7.86423e+07,2622.47,106.032,7.10419e+06,7.10422e+06,542.762,519.126,8.62752e+08,7.86425e+07,1.38559e+09,1114.2,3.46493,3.46495,321.566,3.92784e+08,60,60,2.2892,0,0
550,0.128093,0.398472,110523,15206.7,0.0969394,0.00591723,0.337566,0.0206053,0.601528,0.00032146,756.791,30.601,1.14951e+06,2.80205e+06,0.0314159,100000,100000,0.0409296,8.62828e+08,7.86412e+07,2635.32,106.56,7.1041e+06,7.10412e+06,542.812,519.127,8.62833e+08,7.86414e+07,1.38671e+09,1114.2,3.48224,3.48225,319.967,3.9112e+08,61,61,2.328,0,0
550,0.127401,0.396319,109935,15260.9,0.0964076,0.00593832,0.33739,0.020782,0.603681,0.00032146,756.726,30.6005,1.14971e+06,2.80205e+06,0.0314159,100000,100000,0.0409296,8.62904e+08,7.86401e+07,2648.26,107.091,7.10401e+06,7.10403e+06,542.858,519.128,8.62908e+08,7.86403e+07,1.38783e+09,1114.2,3.49962,3.49964,318.378,3.89461e+08,62,62,2.3668,0,0
550,0.126713,0.39418,109351,15314.7,0.0958797,0.00595927,0.337212,0.020959,0.60582,0.00032146,756.666,30.6001,1.14989e+06,2.80205e+06,0.0314159,100000,100000,0.0409296,8.62973e+08,7.86389e+07,2661.22,107.622,7.10391e+06,7.10393e+06,542.901,519.128,8.62978e+08,7.86391e+07,1.38893e+09,1114.2,3.51703,3.51705,316.801,3.8781e+08,63,63,2.4056,0,0
550,0.126029,0.392053,108769,15368.3,0.0953552,0.00598011,0.337035,0.0211369,0.607947,0.00032146,756.611,30.5996,1.15006e+06,2.80205e+06,0.0314159,100000,100000,0.0409296,8.63038e+08,7.86378e+07,2674.26,108.156,7.10381e+06,7.10384e+06,542.94,519.129,8.63042e+08,7.8638e+07,1.39002e+09,1114.2,3.53453,3.53454,315.234,3.86166e+08,64,64,2.4444,0,0
550,0.12535,0.389939,108190,15421.5,0.0948347,0.00600081,0.336856,0.0213152,0.610061,0.00032146,756.56,30.5992,1.15021e+06,2.80206e+06,0.0314159,100000,100000,0.0409296,8.63097e+08,7.86366e+07,2687.33,108.69,7.10372e+06,7.10374e+06,542.976,519.13,8.63102e+08,7.86368e+07,1.3911e+09,1114.2,3.55203,3.55205,313.68,3.8453e+08,65,65,2.4832,0,0
550,0.124674,0.387837,107613,15474.4,0.0943178,0.0060214,0.336678,0.0214942,0.612163,0.00032146,756.514,30.5987,1.15036e+06,2.80206e+06,0.0314159,100000,100000,0.0409296,8.63151e+08,7.86355e+07,2700.46,109.226,7.10362e+06,7.10365e+06,543.01,519.13,8.63156e+08,7.86357e+07,1.39217e+09,1114.2,3.56962,3.56963,312.136,3.82902e+08,66,66,2.522,0,0
550,0.124003,0.38575,107040,15526.9,0.0938049,0.00604183,0.336498,0.0216734,0.61425,0.00032146,756.471,30.5982,1.15049e+06,2.80206e+06,0.0314159,100000,100000,0.0409296,8.63201e+08,7.86343e+07,2713.62,109.763,7.10352e+06,7.10355e+06,543.041,519.131,8.63206e+08,7.86345e+07,1.39322e+09,1114.2,3.58721,3.58723,310.604,3.81283e+08,67,67,2.5608,0,0
550,0.123336,0.383676,106470,15579.1,0.0932956,0.00606215,0.336319,0.0218534,0.616324,0.00032146,756.432,30.5978,1.15061e+06,2.80206e+06,0.0314159,100000,100000,0.0409296,8.63247e+08,7.86331e+07,2726.84,110.302,7.10343e+06,7.10345e+06,543.069,519.132,8.63252e+08,7.86333e+07,1.39428e+09,1114.2,3.60488,3.60489,309.083,3.79672e+08,68,68,2.5996,0,0
550,0.122674,0.381616,105904,15631,0.0927905,0.00608231,0.336138,0.0220336,0.618384,0.00032146,756.396,30.5973,1.15071e+06,2.80206e+06,0.0314159,100000,100000,0.0409296,8.63288e+08,7.8632e+07,2740.08,110.841,7.10333e+06,7.10335e+06,543.094,519.133,8.63293e+08,7.86322e+07,1.39531e+09,1114.2,3.62255,3.62256,307.574,3.78071e+08,69,69,2.6384,0,0
550,0.122017,0.37957,105341,15682.4,0.092289,0.00610234,0.335958,0.0222144,0.62043,0.00032146,756.364,30.5968,1.15081e+06,2.80206e+06,0.0314159,100000,100000,0.0409296,8.63325e+08,7.86308e+07,2753.38,111.382,7.10323e+06,7.10326e+06,543.117,519.134,8.6333e+08,7.8631e+07,1.39635e+09,1114.2,3.64028,3.6403,306.076,3.76479e+08,70,70,2.6772,0,0
550,0.121364,0.377539,104781,15733.5,0.0917917,0.00612222,0.335776,0.0223953,0.622461,0.00032146,756.335,30.5964,1.1509e+06,2.80206e+06,0.0314159,100000,100000,0.0409296,8.63359e+08,7.86296e+07,2766.69,111.923,7.10313e+06,7.10316e+06,543.138,519.134,8.63364e+08,7.86298e+07,1.39737e+09,1114.2,3.65802,3.65804,304.591,3.74898e+08,71,71,2.716,0,0
550,0.120715,0.375521,104225,15784.3,0.091298,0.00614197,0.335596,0.0225769,0.624479,0.00032146,756.309,30.5959,1.15098e+06,2.80206e+06,0.0314159,100000,100000,0.0409296,8.63389e+08,7.86284e+07,2780.06,112.466,7.10303e+06,7.10306e+06,543.156,519.135,8.63394e+08,7.86286e+07,1.39839e+09,1114.2,3.67582,3.67584,303.117,3.73325e+08,72,72,2.7548,0,0
550,0.120072,0.37352,103673,15834.6,0.0908087,0.00616156,0.335413,0.0227586,0.62648,0.00032146,756.286,30.5954,1.15105e+06,2.80207e+06,0.0314159,100000,100000,0.0409296,8.63416e+08,7.86272e+07,2793.44,113.008,7.10293e+06,7.10296e+06,543.173,519.136,8.63421e+08,7.86274e+07,1.39939e+09,1114.2,3.69362,3.69364,301.655,3.71764e+08,73,73,2.7936,0,0
550,0.119433,0.371532,103124,15884.6,0.0903229,0.00618101,0.335232,0.0229408,0.628468,0.00032146,756.266,30.5949,1.15111e+06,2.80207e+06,0.0314159,100000,100000,0.0409296,8.6344e+08,7.8626e+07,2806.87,113.553,7.10283e+06,7.10286e+06,543.187,519.137,8.63445e+08,7.86262e+07,1.4004e+09,1114.2,3.71148,3.7115,300.205,3.70211e+08,74,74,2.8324,0,0
550,0.118799,0.36956,102579,15934.2,0.0898415,0.0062003,0.335049,0.0231231,0.63044,0.00032146,756.248,30.5944,1.15117e+06,2.80207e+06,0.0314159,100000,100000,0.0409296,8.6346e+08,7.86247e+07,2820.3,114.097,7.10273e+06,7.10276e+06,543.2,519.138,8.63465e+08,7.86249e+07,1.40138e+09,1114.2,3.72933,3.72935,298.767,3.68671e+08,75,75,2.8712,0,0
550,0.11817,0.367603,102037,15983.5,0.0893638,0.00621946,0.334867,0.0233059,0.632397,0.00032146,756.233,30.5939,1.15121e+06,2.80207e+06,0.0314159,100000,100000,0.0409296,8.63478e+08,7.86235e+07,2833.78,114.643,7.10263e+06,7.10266e+06,543.211,519.139,8.63483e+08,7.86237e+07,1.40238e+09,1114.21,3.74723,3.74725,297.341,3.6714e+08,76,76,2.91,0,0
550,0.117546,0.365661,101500,16032.3,0.0888903,0.00623845,0.334683,0.0234887,0.634339,0.00032146,756.22,30.5934,1.15125e+06,2.80207e+06,0.0314159,100000,100000,0.0409296,8.63493e+08,7.86223e+07,2847.26,115.189,7.10253e+06,7.10256e+06,543.22,519.14,8.63498e+08,7.86225e+07,1.40335e+09,1114.2,3.76512,3.76514,295.927,3.65621e+08,77,77,2.9488,0,0
550,0.116926,0.363734,100967,16080.7,0.0884205,0.00625731,0.334501,0.0236719,0.636266,0.00032146,756.21,30.5929,1.15128e+06,2.80207e+06,0.0314159,100000,100000,0.0409296,8.63505e+08,7.8621e+07,2860.79,115.736,7.10243e+06,7.10245e+06,543.227,519.141,8.6351e+08,7.86212e+07,1.40433e+09,1114.21,3.78307,3.78308,294.524,3.64112e+08,78,78,2.9876,0,0
550,0.116312,0.361823,100437,16128.8,0.087955,0.00627599,0.334317,0.0238551,0.638177,0.00032146,756.201,30.5924,1.15131e+06,2.80208e+06,0.0314159,100000,100000,0.0409296,8.63515e+08,7.86198e+07,2874.32,116.282,7.10233e+06,7.10235e+06,543.233,519.142,8.6352e+08,7.862e+07,1.40529e+09,1114.2,3.801,3.80101,293.134,3.62615e+08,79,79,3.0264,0,0
550,0.115702,0.359926,99911.8,16176.5,0.0874932,0.00629455,0.334134,0.0240388,0.640074,0.00032146,756.195,30.5919,1.15133e+06,2.80208e+06,0.0314159,100000,100000,0.0409296,8.63522e+08,7.86185e+07,2887.89,116.83,7.10223e+06,7.10225e+06,543.238,519.143,8.63528e+08,7.86187e+07,1.40626e+09,1114.21,3.81897,3.81899,291.755,3.61128e+08,80,80,3.0652,0,0
550,0.115098,0.358046,99390.5,16223.7,0.0870357,0.00631293,0.33395,0.0242224,0.641954,0.00032146,756.19,30.5914,1.15134e+06,2.80208e+06,0.0314159,100000,100000,0.0409296,8.63527e+08,7.86172e+07,2901.45,117.378,7.10212e+06,7.10215e+06,543.241,519.144,8.63533e+08,7.86175e+07,1.40722e+09,1114.2,3.83693,3.83695,290.389,3.59653e+08,81,81,3.104,0,0
550,0.114498,0.35618,98872.9,16270.6,0.0865817,0.00633117,0.333767,0.0244063,0.64382,0.00032146,756.188,30.5909,1.15135e+06,2.80208e+06,0.0314159,100000,100000,0.0409296,8.63531e+08,7.8616e+07,2915.05,117.926,7.10202e+06,7.10204e+06,543.243,519.145,8.63536e+08,7.86162e+07,1.40817e+09,1114.21,3.85493,3.85495,289.034,3.58189e+08,82,82,3.1428,0,0
550,0.113903,0.354331,98359.7,16317.1,0.0861321,0.00634925,0.333582,0.0245902,0.645669,0.00032146,756.187,30.5904,1.15135e+06,2.80208e+06,0.0314159,100000,100000,0.0409296,8.63531e+08,7.86147e+07,2928.64,118.474,7.10192e+06,7.10194e+06,543.244,519.146,8.63537e+08,7.86149e+07,1.40912e+09,1114.2,3.87291,3.87293,287.692,3.56737e+08,83,83,3.1816,0,0
550,0.113313,0.352495,97850.1,16363.2,0.085686,0.00636719,0.333399,0.0247744,0.647505,0.00032146,756.187,30.5899,1.15135e+06,2.80208e+06,0.0314159,100000,100000,0.0409296,8.63531e+08,7.86134e+07,2942.27,119.024,7.10181e+06,7.10184e+06,543.243,519.147,8.63536e+08,7.86136e+07,1.41006e+09,1114.21,3.89093,3.89095,286.36,3.55295e+08,84,84,3.2204,0,0
550,0.112729,0.350677,97345,16408.9,0.0852443,0.00638497,0.333214,0.0249585,0.649323,0.00032146,756.19,30.5894,1.15135e+06,2.80209e+06,0.0314159,100000,100000,0.0409296,8.63528e+08,7.86121e+07,2955.89,119.572,7.10171e+06,7.10173e+06,543.242,519.149,8.63534e+08,7.86123e+07,1.411e+09,1114.2,3.90893,3.90895,285.041,3.53866e+08,85,85,3.2592,0,0
550,0.112149,0.348873,96843.6,16454.2,0.084806,0.0064026,0.33303,0.0251429,0.651127,0.00032146,756.193,30.5889,1.15133e+06,2.80209e+06,0.0314159,100000,100000,0.0409296,8.63524e+08,7.86108e+07,2969.54,120.122,7.1016e+06,7.10163e+06,543.239,519.15,8.6353e+08,7.8611e+07,1.41194e+09,1114.21,3.92696,3.92698,283.732,3.52448e+08,86,86,3.298,0,0
550,0.111574,0.347085,96346.7,16499.1,0.0843721,0.00642007,0.332845,0.0253271,0.652915,0.00032146,756.198,30.5883,1.15132e+06,2.80209e+06,0.0314159,100000,100000,0.0409296,8.63517e+08,7.86095e+07,2983.18,120.671,7.1015e+06,7.10152e+06,543.235,519.151,8.63523e+08,7.86097e+07,1.41286e+09,1114.2,3.94497,3.94499,282.437,3.51041e+08,87,87,3.3368,0,0
550,0.111004,0.345311,95853.5,16543.7,0.0839415,0.0064374,0.332661,0.0255116,0.654689,0.00032146,756.205,30.5878,1.1513e+06,2.80209e+06,0.0314159,100000,100000,0.0409296,8.6351e+08,7.86082e+07,2996.85,121.221,7.10139e+06,7.10142e+06,543.231,519.152,8.63516e+08,7.86084e+07,1.41379e+09,1114.21,3.96301,3.96303,281.151,3.49646e+08,88,88,3.3756,0,0
550,0.110439,0.343554,95364.7,16587.8,0.0835153,0.00645457,0.332477,0.0256959,0.656446,0.00032146,756.213,30.5873,1.15127e+06,2.80209e+06,0.0314159,100000,100000,0.0409296,8.63501e+08,7.86069e+07,3010.5,121.769,7.10129e+06,7.10131e+06,543.225,519.153,8.63507e+08,7.86071e+07,1.41471e+09,1114.21,3.98103,3.98105,279.879,3.48262e+08,89,89,3.4144,0,0
550,0.109878,0.34181,94879.7,16631.6,0.0830924,0.0064716,0.332293,0.0258805,0.65819,0.00032146,756.221,30.5868,1.15125e+06,2.80209e+06,0.0314159,100000,100000,0.0409296,8.63491e+08,7.86055e+07,3024.19,122.319,7.10118e+06,7.1012e+06,543.219,519.155,8.63497e+08,7.86058e+07,1.41564e+09,1114.21,3.99907,3.99909,278.616,3.4689e+08,90,90,3.4532,0,0
550,0.109323,0.340084,94399.1,16674.9,0.0826738,0.00648847,0.332108,0.0260649,0.659916,0.00032146,756.231,30.5862,1.15122e+06,2.8021e+06,0.0314159,100000,100000,0.0409296,8.63479e+08,7.86042e+07,3037.85,122.868,7.10107e+06,7.1011e+06,543.211,519.156,8.63485e+08,7.86045e+07,1.41655e+09,1114.21,4.01709,4.01711,277.366,3.45529e+08,91,91,3.492,0,0
550,0.108773,0.33837,93922.1,16717.9,0.0822584,0.0065052,0.331924,0.0262495,0.66163,0.00032146,756.242,30.5857,1.15118e+06,2.8021e+06,0.0314159,100000,100000,0.0409296,8.63466e+08,7.86029e+07,3051.54,123.418,7.10097e+06,7.10099e+06,543.203,519.157,8.63472e+08,7.86031e+07,1.41747e+09,1114.21,4.03513,4.03515,276.126,3.4418e+08,92,92,3.5308,0,0
550,0.108227,0.336674,93449.7,16760.5,0.0818473,0.00652177,0.331739,0.0264338,0.663326,0.00032146,756.255,30.5852,1.15115e+06,2.8021e+06,0.0314159,100000,100000,0.0409296,8.63452e+08,7.86016e+07,3065.21,123.967,7.10086e+06,7.10088e+06,543.195,519.158,8.63458e+08,7.86018e+07,1.41837e+09,1114.21,4.05315,4.05316,274.899,3.42842e+08,93,93,3.5696,0,0
550,0.107686,0.33499,92980.8,16802.7,0.0814395,0.0065382,0.331555,0.0266183,0.66501,0.00032146,756.267,30.5846,1.15111e+06,2.8021e+06,0.0314159,100000,100000,0.0409296,8.63437e+08,7.86002e+07,3078.9,124.516,7.10075e+06,7.10077e+06,543.185,519.16,8.63443e+08,7.86004e+07,1.41928e+09,1114.21,4.07118,4.0712,273.681,3.41515e+08,94,94,3.6084,0,0
550,0.10715,0.333324,92516.4,16844.6,0.0810358,0.00655447,0.331371,0.0268026,0.666676,0.00032146,756.281,30.5841,1.15106e+06,2.8021e+06,0.0314159,100000,100000,0.0409296,8.6342e+08,7.85989e+07,3092.58,125.065,7.10064e+06,7.10066e+06,543.175,519.16,8.63426e+08,7.85991e+07,1.42018e+09,1114.21,4.08919,4.08921,272.476,3.40201e+08,95,95,3.6472,0,0
550,0.106619,0.33167,92055.5,16886.1,0.0806353,0.00657061,0.331186,0.026987,0.66833,0.00032146,756.296,30.5835,1.15102e+06,2.80211e+06,0.0314159,100000,100000,0.0409296,8.63403e+08,7.85974e+07,3106.27,125.614,7.10054e+06,7.10056e+06,543.165,519.162,8.63409e+08,7.85977e+07,1.42108e+09,1114.21,4.10722,4.10724,271.28,3.38896e+08,96,96,3.686,0,0
550,0.106092,0.330033,91599.2,16927.1,0.0802389,0.0065866,0.331002,0.0271712,0.669967,0.00032146,756.312,30.583,1.15097e+06,2.80211e+06,0.0314159,100000,100000,0.0409296,8.63384e+08,7.85962e+07,3119.94,126.162,7.10043e+06,7.10045e+06,543.153,519.163,8.63391e+08,7.85964e+07,1.42198e+09,1114.21,4.12521,4.12523,270.097,3.37604e+08,97,97,3.7248,0,0
550,0.10557,0.328408,91146.3,16967.9,0.0798456,0.00660244,0.330818,0.0273555,0.671592,0.00032146,756.328,30.5824,1.15092e+06,2.80211e+06,0.0314159,100000,100000,0.0409296,8.63366e+08,7.85947e+07,3133.64,126.71,7.10032e+06,7.10034e+06,543.142,519.165,8.63372e+08,7.85949e+07,1.42288e+09,1114.21,4.14322,4.14324,268.923,3.36322e+08,98,98,3.7636,0,0
550,0.105053,0.3268,90697.9,17008.2,0.0794565,0.00661814,0.330634,0.0275395,0.6732,0.00032146,756.345,30.5819,1.15087e+06,2.80211e+06,0.0314159,100000,100000,0.0409296,8.63345e+08,7.85935e+07,3147.3,127.258,7.10021e+06,7.10023e+06,543.129,519.165,8.63352e+08,7.85938e+07,1.42377e+09,1114.21,4.16119,4.16121,267.761,3.35053e+08,99,99,3.8024,0,0
550,0.10454,0.325204,90252.8,17048.2,0.0790702,0.00663369,0.33045,0.0277236,0.674796,0.00032146,756.363,30.5813,1.15081e+06,2.80212e+06,0.0314159,100000,100000,0.0409296,8.63325e+08,7.85919e+07,3160.99,127.806,7.1001e+06,7.10012e+06,543.117,519.169,8.63332e+08,7.85921e+07,1.42466e+09,1114.21,4.1792,4.17922,266.608,3.33792e+08,100,100,3.8412,0,0
550,0.104033,0.323625,89812.4,17087.9,0.0786883,0.00664913,0.330266,0.0279075,0.676375,0.00032146,756.381,30.5809,1.15076e+06,2.80211e+06,0.0314159,100000,100000,0.0409296,8.63303e+08,7.85908e+07,3174.64,128.353,7.09999e+06,7.10001e+06,543.103,519.167,8.6331e+08,7.85911e+07,1.42554e+09,1114.21,4.19714,4.19717,265.468,3.32546e+08,101,101,3.88,0,0
