"density_aux","exact_rho_aux","Points:0","Points:1","Points:2"
2.2162816633168649361,2.2813186678190042755,0.75,-0.23205099999904632568,0
2.2219953598828148245,2.2813186678190042755,0.75,-0.2015488743782043457,0
2.2217042878956929641,2.2813186678190042755,0.70013022422790527344,-0.21438810229301452637,0
2.2158364973143362953,2.2813186678190042755,0.69999998807907104492,-0.24544845521450042725,0
2.2301728354383949515,2.2813186678190042755,0.75,-0.17104674875736236572,0
2.2301867862456177249,2.2813186678190042755,0.70026040077209472656,-0.18332774937152862549,0
2.2213141723378186931,2.2813186678190042755,0.65026038885116577148,-0.22722731530666351318,0
2.2154394373861561185,2.2813186678190042755,0.64999997615814208984,-0.25884589552879333496,0
2.2302812897024870686,2.2813186678190042755,0.65052086114883422852,-0.19560873508453369141,0
2.2410794203400254965,2.2813186678190042755,0.75,-0.14054462313652038574,0
2.241451776968058418,2.2813186678190042755,0.70039063692092895508,-0.15226739645004272461,0
2.2512858999937388482,2.2813186678190042755,0.75,-0.11004249751567840576,0
2.2515146181030347705,2.2813186678190042755,0.7005208134651184082,-0.12120704352855682373,0
2.2416059844930837919,2.2813186678190042755,0.65078127384185791016,-0.16399016976356506348,0
2.2518585402984783173,2.2813186678190042755,0.6510416865348815918,-0.1323715895414352417,0
2.2208799106971186532,2.2813186678190042755,0.60039061307907104492,-0.24006654322147369385,0
2.2149706508132305238,2.2813186678190042755,0.60000002384185791016,-0.27224335074424743652,0
2.2299516624084954053,2.2813186678190042755,0.60078126192092895508,-0.20788973569869995117,0
2.2204377019988688069,2.2813186678190042755,0.55052083730697631836,-0.25290575623512268066,0
2.2141166288534388507,2.2813186678190042755,0.55000001192092895508,-0.28564080595970153809,0
2.2297961121656393324,2.2813186678190042755,0.55104166269302368164,-0.22017073631286621094,0
2.2417608076751394108,2.2813186678190042755,0.60117185115814208984,-0.1757129281759262085,0
2.2521303614703671592,2.2813186678190042755,0.6015625,-0.14353612065315246582,0
2.2418837263003941196,2.2813186678190042755,0.55156248807907104492,-0.18743570148944854736,0
2.2517645995912003443,2.2813186678190042755,0.5520833134651184082,-0.15470066666603088379,0
2.2592756944402672126,2.2813186678190042755,0.75,-0.079540371894836425781,0
2.2597978247480359215,2.2813186678190042755,0.70065104961395263672,-0.090146690607070922852,0
2.2657728378147234949,2.2813186678190042755,0.75,-0.049038249999284744263,0
2.2659272421887353133,2.2813186678190042755,0.70078122615814208984,-0.059086337685585021973,0
2.2600487108955262805,2.2813186678190042755,0.65130209922790527344,-0.100753001868724823,0
2.2657553468859235046,2.2813186678190042755,0.65156251192092895508,-0.069134421646595001221,0
2.2703867613437309636,2.2813186678190042755,0.75,-0.018536124378442764282,0
2.2703048527482301289,2.2813186678190042755,0.70091146230697631836,-0.028025984764099121094,0
2.2736011832929103882,2.2813186678190042755,0.75,0.011966000311076641083,0
2.2744426611486043832,2.2813186678190042755,0.70104163885116577148,0.0030343667604029178619,0
2.2714484840714406211,2.2813186678190042755,0.65182292461395263672,-0.037515845149755477905,0
2.2739528541913300863,2.2813186678190042755,0.65208333730697631836,-0.0058972667902708053589,0
2.2597281964703084256,2.2813186678190042755,0.60195314884185791016,-0.11135932058095932007,0
2.2674230503017898108,2.2813186678190042755,0.60234373807907104492,-0.079182513058185577393,0
2.261672746747970919,2.2813186678190042755,0.55260413885116577148,-0.12196563184261322021,0
2.2686934399045437516,2.2813186678190042755,0.55312502384185791016,-0.089230597019195556641,0
2.2718222980630469188,2.2813186678190042755,0.60273438692092895508,-0.047005705535411834717,0
2.2651485251289091849,2.2813186678190042755,0.60312497615814208984,-0.014828899875283241272,0
2.2646769783179188096,2.2813186678190042755,0.55364584922790527344,-0.056495565921068191528,0
2.2407815218778202038,2.2813186678190042755,0.55416667461395263672,-0.023760532960295677185,0
2.2769352323081308853,2.2813186678190042755,0.75,0.042468123137950897217,0
2.2754786824785631083,2.2813186678190042755,0.701171875,0.034094717353582382202,0
2.2761293393819954645,2.2813186678190042755,0.75,0.072970248758792877197,0
2.2658945588705705632,2.2813186678190042755,0.70130211114883422852,0.065155074000358581543,0
2.2653941736208960123,2.2813186678190042755,0.65234375,0.025721311569213867188,0
2.2363624911998254419,2.2813186678190042755,0.65260416269302368164,0.057339891791343688965,0
2.2644973866592774669,2.2813186678190042755,0.75,0.10347237437963485718,0
2.2367129909215206496,2.2813186678190042755,0.70143228769302368164,0.096215419471263885498,0
2.2294165143344586433,2.2813186678190042755,0.75,0.13397449254989624023,0
2.1775364229251770176,2.2813186678190042755,0.70156252384185791016,0.1272757798433303833,0
2.1783747857133137771,2.2813186678190042755,0.65286457538604736328,0.088958472013473510742,0
2.0855944986187031631,2.2813186678190042755,0.65312498807907104492,0.12057705223560333252,0
2.2382986886309836905,2.2813186678190042755,0.603515625,0.017347905784845352173,0
2.1826220189275233885,2.2813186678190042755,0.60390627384185791016,0.049524713307619094849,0
2.1882692787641921939,2.2813186678190042755,0.5546875,0.0089745000004768371582,0
2.0993753846789435791,2.2813186678190042755,0.55520832538604736328,0.041709534823894500732,0
2.0915727817436469138,2.2813186678190042755,0.60429686307907104492,0.081701517105102539062,0
1.9554675737559745752,2.2813186678190042755,0.60468751192092895508,0.11387832462787628174,0
1.9659951397302339871,2.2813186678190042755,0.55572915077209472656,0.074444569647312164307,0
1.786268491066977937,1.222212285599999948,0.55624997615814208984,0.10717959702014923096,0
2.1643426812795785175,2.2813186678190042755,0.75,0.16447661817073822021,0
2.0868137521357237318,2.2813186678190042755,0.70169270038604736328,0.15833613276481628418,0
2.0646818762689655991,2.2813186678190042755,0.75,0.1949787437915802002,0
1.9502819486813396388,2.2813186678190042755,0.7018229365348815918,0.18939648568630218506,0
1.9479654270196811172,2.2813186678190042755,0.65338540077209472656,0.1521956324577331543,0
1.7659952593635219742,1.222212285599999948,0.6536458134651184082,0.18381421267986297607,0
1.9186020846635138959,2.2813186678190042755,0.75,0.22548086941242218018,0
1.775291685958299448,1.222212285599999948,0.70195311307907104492,0.22045683860778808594,0
1.7384467846172471095,1.222212285599999948,0.75,0.25598299503326416016,0
1.609164874146860047,1.222212285599999948,0.70208334922790527344,0.25151717662811279297,0
1.6036932367544312061,1.222212285599999948,0.65390622615814208984,0.21543279290199279785,0
1.476598457127602293,1.222212285599999948,0.65416663885116577148,0.24705137312412261963,0
1.7739589485367477373,1.222212285599999948,0.60507810115814208984,0.14605513215065002441,0
1.6096034170298252342,1.222212285599999948,0.60546875,0.17823193967342376709,0
1.6184293493039041412,1.222212285599999948,0.55677086114883422852,0.13991463184356689453,0
1.4893141132759377676,1.222212285599999948,0.5572916865348815918,0.17264966666698455811,0
1.4851057850339379751,1.222212285599999948,0.60585939884185791016,0.21040874719619750977,0
1.3845067454092438997,1.222212285599999948,0.60624998807907104492,0.24258555471897125244,0
1.3865664028518913664,1.222212285599999948,0.55781251192092895508,0.20538470149040222168,0
1.3116404934085184042,1.222212285599999948,0.55833333730697631836,0.23811973631381988525,0
1.5687065741383101614,1.222212285599999948,0.75,0.28648513555526733398,0
1.4753012193554415621,1.222212285599999948,0.70221352577209472656,0.2825775444507598877,0
1.4434738044949990687,1.222212285599999948,0.75,0.31698724627494812012,0
1.3778947981034768144,1.222212285599999948,0.70234376192092895508,0.31363788247108459473,0
1.3780798816124055772,1.222212285599999948,0.65442711114883422852,0.27866995334625244141,0
1.3073001850329304396,1.222212285599999948,0.65468752384185791016,0.31028851866722106934,0
1.3533706997021042184,1.222212285599999948,0.75,0.34748938679695129395,0
1.3071362393095065091,1.222212285599999948,0.7024739384651184082,0.34469825029373168945,0
1.2906369722675121725,1.222212285599999948,0.75,0.37799149751663208008,0
1.2613565693738879592,1.222212285599999948,0.70260417461395263672,0.37575858831405639648,0
1.2614100657911091474,1.222212285599999948,0.6549479365348815918,0.34190711379051208496,0
1.2362603725561160939,1.222212285599999948,0.65520834922790527344,0.37352567911148071289,0
1.3113749358481012752,1.222212285599999948,0.60664063692092895508,0.27476236224174499512,0
1.2652664241263398281,1.222212285599999948,0.60703122615814208984,0.30693915486335754395,0
1.2654622087882700932,1.222212285599999948,0.55885416269302368164,0.27085477113723754883,0
1.238556696842098015,1.222212285599999948,0.55937498807907104492,0.30358979105949401855,0
1.2389506992223040527,1.222212285599999948,0.607421875,0.33911597728729248047,0
1.2261827600781862735,1.222212285599999948,0.60781252384185791016,0.3712927699089050293,0
1.2250248536295966773,1.222212285599999948,0.5598958134651184082,0.33632484078407287598,0
1.2213179535291234235,1.222212285599999948,0.56041663885116577148,0.3690598607063293457,0
1.2527523999542384825,1.222212285599999948,0.75,0.40849363803863525391,0
1.2362424931944295814,1.222212285599999948,0.70273435115814208984,0.40681895613670349121,0
1.2326399425750014238,1.222212285599999948,0.75,0.43899574875831604004,0
1.2248346043100239999,1.222212285599999948,0.70286458730697631836,0.43787929415702819824,0
1.2248384907498692797,1.222212285599999948,0.65546876192092895508,0.40514427423477172852,0
1.2218573205327882825,1.222212285599999948,0.65572917461395263672,0.43676283955574035645,0
1.2241363017346251763,1.222212285599999948,0.75,0.46949788928031921387,0
1.2218718553197731591,1.222212285599999948,0.70299476385116577148,0.46893966197967529297,0
1.2217749629041974035,1.222212285599999948,0.75,0.5,0
1.2216067549012625815,1.222212285599999948,0.703125,0.5,0
1.2221252255035961465,1.222212285599999948,0.65598958730697631836,0.46838143467903137207,0
1.2228680701190777214,1.222212285599999948,0.65625,0.5,0
1.2223122169471309917,1.222212285599999948,0.60820311307907104492,0.40346959233283996582,0
1.2222782957348874433,1.222212285599999948,0.60859376192092895508,0.43564638495445251465,0
1.2217739541366954281,1.222212285599999948,0.56093752384185791016,0.40179491043090820312,0
1.2220489556985758561,1.222212285599999948,0.56145834922790527344,0.43452993035316467285,0
1.2222459387514506002,1.222212285599999948,0.60898435115814208984,0.46782320737838745117,0
1.2215338993686661873,1.222212285599999948,0.609375,0.5,0
1.2222761823134233872,1.222212285599999948,0.56197917461395263672,0.46726498007774353027,0
1.2226609816433477995,1.222212285599999948,0.5625,0.5,0
2.219494254799891042,2.2813186678190042755,0.5006510615348815918,-0.26574498414993286133,0
2.2135715360480583414,2.2813186678190042755,0.5,-0.29903826117515563965,0
2.2299248659756516489,2.2813186678190042755,0.5013020634651184082,-0.23245172202587127686,0
2.218711087205628818,2.2813186678190042755,0.45078125596046447754,-0.27858421206474304199,0
2.2125567954430205297,2.2813186678190042755,0.44999998807907104492,-0.31243568658828735352,0
2.229315915041572449,2.2813186678190042755,0.45156249403953552246,-0.24473272264003753662,0
2.241203887990168564,2.2813186678190042755,0.501953125,-0.19915847480297088623,0
2.2539473972336789842,2.2813186678190042755,0.5026041865348815918,-0.16586521267890930176,0
2.2436377531127580376,2.2813186678190042755,0.45234376192092895508,-0.21088123321533203125,0
2.2569334814257926425,2.2813186678190042755,0.453125,-0.17702974379062652588,0
2.2184391643385326098,2.2813186678190042755,0.40091145038604736328,-0.29142343997955322266,0
2.2106628347660484124,2.2813186678190042755,0.40000000596046447754,-0.32583314180374145508,0
2.2312409161429318516,2.2813186678190042755,0.40182292461395263672,-0.25701370835304260254,0
2.219187384082995429,2.2813186678190042755,0.35104167461395263672,-0.30426266789436340332,0
2.2119722436393272069,2.2813186678190042755,0.34999999403953552246,-0.33923059701919555664,0
2.234838973271713769,2.2813186678190042755,0.35208332538604736328,-0.2692947089672088623,0
2.2473746645571872627,2.2813186678190042755,0.40273436903953552246,-0.22260400652885437012,0
2.2555912943281586358,2.2813186678190042755,0.4036458432674407959,-0.18819428980350494385,0
2.248050227501516396,2.2813186678190042755,0.35312500596046447754,-0.23432677984237670898,0
2.2456392739116104451,2.2813186678190042755,0.3541666567325592041,-0.19935883581638336182,0
2.2638231821531156207,2.2813186678190042755,0.5032551884651184082,-0.13257195055484771729,0
2.263470169948148758,2.2813186678190042755,0.50390625,-0.099278688430786132812,0
2.2605593432143926691,2.2813186678190042755,0.45390623807907104492,-0.14317826926708221436,0
2.2458877650998432252,2.2813186678190042755,0.45468750596046447754,-0.10932677239179611206,0
2.2435187735233355077,2.2813186678190042755,0.5045573115348815918,-0.06598542630672454834,0
2.19517981395760442,2.2813186678190042755,0.5052083134651184082,-0.032692167907953262329,0
2.2024011375668108847,2.2813186678190042755,0.45546874403953552246,-0.075475290417671203613,0
2.1212803703008829004,2.2813186678190042755,0.45625001192092895508,-0.041623800992965698242,0
2.246757803311374424,2.2813186678190042755,0.40455728769302368164,-0.15378457307815551758,0
2.2099170519302222537,2.2813186678190042755,0.40546876192092895508,-0.11937486380338668823,0
2.2169795720765010927,2.2813186678190042755,0.35520833730697631836,-0.16439089179039001465,0
2.1487364807376247988,2.2813186678190042755,0.35624998807907104492,-0.12942294776439666748,0
2.1338638048841191974,2.2813186678190042755,0.40638020634651184082,-0.084965147078037261963,0
2.0181479115096410126,2.2813186678190042755,0.40729168057441711426,-0.050555434077978134155,0
2.0410058561693866785,2.2813186678190042755,0.35729166865348815918,-0.094455011188983917236,0
1.8808225630047361587,2.2813186678190042755,0.35833331942558288574,-0.059487067162990570068,0
2.109561367784203334,2.2813186678190042755,0.505859375,0.00060109375044703483582,0
1.9802563746906314268,2.2813186678190042755,0.5065104365348815918,0.033894352614879608154,0
1.9975288768223100622,2.2813186678190042755,0.45703125,-0.0077723124995827674866,0
1.8250843772839824286,2.2813186678190042755,0.45781248807907104492,0.026079174131155014038,0
1.8032155986331326325,2.2813186678190042755,0.5071614384651184082,0.067187614738941192627,0
1.6315002925469663797,1.222212285599999948,0.5078125,0.1004808768630027771,0
1.6481990737130034486,1.222212285599999948,0.45859375596046447754,0.059930663555860519409,0
1.510215564270111388,1.222212285599999948,0.45937499403953552246,0.093782149255275726318,0
1.8510644455913278783,2.2813186678190042755,0.408203125,-0.016145719215273857117,0
1.6691331855810456197,1.222212285599999948,0.40911456942558288574,0.018263995647430419922,0
1.6937359291609237477,1.222212285599999948,0.359375,-0.024519124999642372131,0
1.5429450049314541449,1.222212285599999948,0.36041668057441711426,0.01044881623238325119,0
1.5246976410438695115,1.222212285599999948,0.41002604365348815918,0.052673708647489547729,0
1.4153045461666566851,1.222212285599999948,0.41093748807907104492,0.087083421647548675537,0
1.4302117393076911878,1.222212285599999948,0.36145833134651184082,0.045416757464408874512,0
1.3417789064916729735,1.222212285599999948,0.36250001192092895508,0.08038470149040222168,0
1.4984845444551404547,1.222212285599999948,0.5084635615348815918,0.13377413153648376465,0
1.3934517010285158989,1.222212285599999948,0.5091145634651184082,0.16706739366054534912,0
1.403017143605392425,1.222212285599999948,0.46015626192092895508,0.12763363122940063477,0
1.3229552773825212775,1.222212285599999948,0.4609375,0.16148512065410614014,0
1.3168628647105686813,1.222212285599999948,0.509765625,0.20036065578460693359,0
1.2692264784670508337,1.222212285599999948,0.5104166865348815918,0.23365391790866851807,0
1.2721926086604917749,1.222212285599999948,0.46171873807907104492,0.19533661007881164551,0
1.2419113094524776297,1.222212285599999948,0.46250000596046447754,0.22918809950351715088,0
1.3313235679000743339,1.222212285599999948,0.41184896230697631836,0.12149313837289810181,0
1.2765019999649513949,1.222212285599999948,0.4127604067325592041,0.15590284764766693115,0
1.2819454668889178617,1.222212285599999948,0.36354166269302368164,0.11535263806581497192,0
1.2476148679323708635,1.222212285599999948,0.3645833432674407959,0.15032058954238891602,0
1.2444516287712736879,1.222212285599999948,0.41367188096046447754,0.19031256437301635742,0
1.2275520121828311648,1.222212285599999948,0.41458332538604736328,0.22472228109836578369,0
1.2290117538682772125,1.222212285599999948,0.36562499403953552246,0.18528851866722106934,0
1.2225181605339905389,1.222212285599999948,0.36666667461395263672,0.2202564626932144165,0
1.2408964903866737117,1.222212285599999948,0.5110676884651184082,0.26694718003273010254,0
1.2262351434441240983,1.222212285599999948,0.51171875,0.30024042725563049316,0
1.226111082741595304,1.222212285599999948,0.46328124403953552246,0.26303958892822265625,0
1.2217998466857102891,1.222212285599999948,0.46406251192092895508,0.29689106345176696777,0
1.222356101772648973,1.222212285599999948,0.5123698115348815918,0.33353370428085327148,0
1.2227285582459364033,1.222212285599999948,0.5130208134651184082,0.36682695150375366211,0
1.2218734874347487729,1.222212285599999948,0.46484375,0.33074256777763366699,0
1.2216619255325604776,1.222212285599999948,0.46562498807907104492,0.36459404230117797852,0
1.222549139574646837,1.222212285599999948,0.41549479961395263672,0.25913199782371520996,0
1.222389133846334186,1.222212285599999948,0.41640624403953552246,0.29354169964790344238,0
1.2217864032592697932,1.222212285599999948,0.36770832538604736328,0.25522440671920776367,0
1.2219286993965960963,1.222212285599999948,0.36875000596046447754,0.29019233584403991699,0
1.2224440362910768965,1.222212285599999948,0.4173177182674407959,0.3279514312744140625,0
1.2226457289464935929,1.222212285599999948,0.41822916269302368164,0.36236113309860229492,0
1.2219321005421139859,1.222212285599999948,0.3697916567325592041,0.32516029477119445801,0
1.2217076599530307668,1.222212285599999948,0.37083333730697631836,0.36012822389602661133,0
1.2226386787170511194,1.222212285599999948,0.513671875,0.40012022852897644043,0
1.222388333146199102,1.222212285599999948,0.5143229365348815918,0.43341347575187683105,0
1.2216599607045406373,1.222212285599999948,0.46640625596046447754,0.39844554662704467773,0
1.2219845892857124081,1.222212285599999948,0.46718749403953552246,0.43229702115058898926,0
1.2219614288175950634,1.222212285599999948,0.5149739384651184082,0.46670675277709960938,0
1.2219884982578077537,1.222212285599999948,0.515625,0.5,0
1.2224858395336317685,1.222212285599999948,0.46796876192092895508,0.46614852547645568848,0
1.2222104907366366788,1.222212285599999948,0.46875,0.5,0
1.2227386137374174346,1.222212285599999948,0.41914063692092895508,0.39677086472511291504,0
1.222453759604401835,1.222212285599999948,0.42005208134651184082,0.43118056654930114746,0
1.2216886645358426833,1.222212285599999948,0.37187498807907104492,0.39509618282318115234,0
1.2219543911157606519,1.222212285599999948,0.37291666865348815918,0.43006411194801330566,0
1.2218988816055749158,1.222212285599999948,0.42096355557441711426,0.46559029817581176758,0
1.2222803352905011742,1.222212285599999948,0.421875,0.5,0
1.222492479748666705,1.222212285599999948,0.37395831942558288574,0.46503207087516784668,0
1.2221194267823016766,1.222212285599999948,0.375,0.5,0
2.2211511125091139007,2.2813186678190042755,0.30117186903953552246,-0.31710189580917358398,0
2.2165058093737397549,2.2813186678190042755,0.30000001192092895508,-0.3526280522346496582,0
2.2371652465265126075,2.2813186678190042755,0.30234375596046447754,-0.28157570958137512207,0
2.2277741464379454683,2.2813186678190042755,0.2513020932674407959,-0.32994109392166137695,0
2.2181269856991581158,2.2813186678190042755,0.25,-0.36602550745010375977,0
2.2357546570541164677,2.2813186678190042755,0.2526041567325592041,-0.29385671019554138184,0
2.2422368452343959255,2.2813186678190042755,0.30351561307907104492,-0.246049538254737854,0
2.222193000540395591,2.2813186678190042755,0.3046875,-0.21052338182926177979,0
2.2252661102557480532,2.2813186678190042755,0.25390625,-0.25777232646942138672,0
2.1786681547428972117,2.2813186678190042755,0.2552083432674407959,-0.22168791294097900391,0
2.2370490330358059339,2.2813186678190042755,0.20143228769302368164,-0.34278032183647155762,0
2.2191674869942361603,2.2813186678190042755,0.20000000298023223877,-0.37942296266555786133,0
2.2263902458257378569,2.2813186678190042755,0.20286458730697631836,-0.3061377108097076416,0
2.2422156501402201734,2.2813186678190042755,0.15156249701976776123,-0.35561954975128173828,0
2.2331725393017367587,2.2813186678190042755,0.15000000596046447754,-0.3928203880786895752,0
2.2009899131734869115,2.2813186678190042755,0.15312500298023223877,-0.31841871142387390137,0
2.1899801304950017311,2.2813186678190042755,0.20429687201976776123,-0.26949506998062133789,0
2.1072254611793757029,2.2813186678190042755,0.20572917163372039795,-0.23285245895385742188,0
2.1260671617311164283,2.2813186678190042755,0.15468749403953552246,-0.28121784329414367676,0
2.0085710528950437848,2.2813186678190042755,0.15625,-0.24401700496673583984,0
2.1646049164327050285,2.2813186678190042755,0.30585938692092895508,-0.17499721050262451172,0
2.0641011905863941855,2.2813186678190042755,0.30703124403953552246,-0.13947103917598724365,0
2.085804158662741159,2.2813186678190042755,0.2565104067325592041,-0.18560351431369781494,0
1.945459764915308698,2.2813186678190042755,0.2578125,-0.14951913058757781982,0
1.9129751933962406696,2.2813186678190042755,0.30820313096046447754,-0.10394486784934997559,0
1.7215612445372856509,1.222212285599999948,0.30937498807907104492,-0.06841869652271270752,0
1.7545812708458539131,1.222212285599999948,0.2591145932674407959,-0.11343473196029663086,0
1.5901297187903027375,1.222212285599999948,0.2604166567325592041,-0.077350333333015441895,0
1.9776483205550658973,2.2813186678190042755,0.20716145634651184082,-0.19620983302593231201,0
1.794884602299300802,2.2813186678190042755,0.20859375596046447754,-0.15956720709800720215,0
1.8363764340002690645,2.2813186678190042755,0.15781250596046447754,-0.20681615173816680908,0
1.6542552049240009104,1.222212285599999948,0.15937499701976776123,-0.16961529850959777832,0
1.6208009318692360168,1.222212285599999948,0.21002604067325592041,-0.12292458862066268921,0
1.4895581087926359487,1.222212285599999948,0.21145834028720855713,-0.08628197014331817627,0
1.5133448859458673574,1.222212285599999948,0.16093750298023223877,-0.13241444528102874756,0
1.4013280278449511407,1.222212285599999948,0.16249999403953552246,-0.095213599503040313721,0
1.5648856515969924441,1.222212285599999948,0.310546875,-0.032892532646656036377,0
1.4476095239651083357,1.222212285599999948,0.31171876192092895508,0.0026336375158280134201,0
1.4673767917099238556,1.222212285599999948,0.26171875,-0.041265938431024551392,0
1.3676439892088494421,1.222212285599999948,0.2630208432674407959,-0.0051815416663885116577,0
1.3538967738778180383,1.222212285599999948,0.31289061903953552246,0.038159806281328201294,0
1.2888577714524289686,1.222212285599999948,0.31406250596046447754,0.073685973882675170898,0
1.2974615032432879058,1.222212285599999948,0.2643229067325592041,0.030902853235602378845,0
1.256692655809540371,1.222212285599999948,0.265625,0.066987246274948120117,0
1.383423707439420669,1.222212285599999948,0.212890625,-0.049639344215393066406,0
1.3077994399250163493,1.222212285599999948,0.21432290971279144287,-0.012996721081435680389,0
1.3198547366256694335,1.222212285599999948,0.1640625,-0.058012749999761581421,0
1.2697629961132077536,1.222212285599999948,0.16562500596046447754,-0.020811900496482849121,0
1.2627541557651371651,1.222212285599999948,0.21575520932674407959,0.023645902052521705627,0
1.236272906830338858,1.222212285599999948,0.21718749403953552246,0.06028852611780166626,0
1.2397211445911697769,1.222212285599999948,0.16718749701976776123,0.01638895086944103241,0
1.2252020407910959587,1.222212285599999948,0.16875000298023223877,0.053589798510074615479,0
1.2516431045127136557,1.222212285599999948,0.31523436307907104492,0.10921214520931243896,0
1.2310028146359117684,1.222212285599999948,0.31640625,0.14473831653594970703,0
1.233394807052889508,1.222212285599999948,0.2669270932674407959,0.10307164490222930908,0
1.2234235840848153298,1.222212285599999948,0.2682291567325592041,0.13915604352951049805,0
1.2229479361329114173,1.222212285599999948,0.31757813692092895508,0.1802644878625869751,0
1.2219785177846238522,1.222212285599999948,0.31874999403953552246,0.21579064428806304932,0
1.2220023346870876324,1.222212285599999948,0.26953125,0.17524044215679168701,0
1.2223757783377966479,1.222212285599999948,0.2708333432674407959,0.21132482588291168213,0
1.2241400095723007357,1.222212285599999948,0.21861979365348815918,0.096931144595146179199,0
1.222059291289900651,1.222212285599999948,0.22005207836627960205,0.13357377052307128906,0
1.2221929752964182381,1.222212285599999948,0.17031249403953552246,0.09079065173864364624,0
1.2223688729481869686,1.222212285599999948,0.171875,0.12799149751663208008,0
1.2223472719736216963,1.222212285599999948,0.22148437798023223877,0.17021639645099639893,0
1.222234094462490761,1.222212285599999948,0.22291666269302368164,0.20685902237892150879,0
1.2222554311924296311,1.222212285599999948,0.17343750596046447754,0.16519235074520111084,0
1.2223880345407955872,1.222212285599999948,0.17499999701976776123,0.2023932039737701416,0
1.2223810371383287965,1.222212285599999948,0.31992188096046447754,0.25131681561470031738,0
1.222465930256986244,1.222212285599999948,0.32109373807907104492,0.2868430018424987793,0
1.2221553925680750385,1.222212285599999948,0.2721354067325592041,0.24740922451019287109,0
1.221907358971688895,1.222212285599999948,0.2734375,0.28349363803863525391,0
1.2223889198201085549,1.222212285599999948,0.322265625,0.32236915826797485352,0
1.2226562867661123768,1.222212285599999948,0.32343751192092895508,0.35789531469345092773,0
1.2219428412815285245,1.222212285599999948,0.2747395932674407959,0.31957802176475524902,0
1.2217920648476345846,1.222212285599999948,0.2760416567325592041,0.35566240549087524414,0
1.2223492349263496148,1.222212285599999948,0.22434896230697631836,0.2435016334056854248,0
1.2224888948654013543,1.222212285599999948,0.22578124701976776123,0.28014427423477172852,0
1.2222976760686472542,1.222212285599999948,0.17656250298023223877,0.23959405720233917236,0
1.2219789375018057509,1.222212285599999948,0.17812499403953552246,0.27679491043090820312,0
1.2224577581345901223,1.222212285599999948,0.22721354663372039795,0.31678688526153564453,0
1.2226426952300253337,1.222212285599999948,0.22864583134651184082,0.35342949628829956055,0
1.2219732025434102418,1.222212285599999948,0.1796875,0.31399574875831604004,0
1.2218575220469924947,1.222212285599999948,0.18125000596046447754,0.35119658708572387695,0
1.2227223760083187898,1.222212285599999948,0.32460936903953552246,0.39342150092124938965,0
1.2224221071845449149,1.222212285599999948,0.32578125596046447754,0.42894765734672546387,0
1.2217321203202533564,1.222212285599999948,0.27734375,0.39174681901931762695,0
1.2219719513799609523,1.222212285599999948,0.2786458432674407959,0.42783120274543762207,0
1.2221103310431347122,1.222212285599999948,0.32695311307907104492,0.46447384357452392578,0
1.2222854621971281919,1.222212285599999948,0.328125,0.5,0
1.2221933074981692346,1.222212285599999948,0.2799479067325592041,0.46391561627388000488,0
1.2222816927686557253,1.222212285599999948,0.28125,0.5,0
1.2226206431807558062,1.222212285599999948,0.23007813096046447754,0.39007213711738586426,0
1.2224365012545534981,1.222212285599999948,0.23151041567325592041,0.42671474814414978027,0
1.2218218893633236988,1.222212285599999948,0.18281249701976776123,0.38839745521545410156,0
1.222018741058551905,1.222212285599999948,0.18437500298023223877,0.42559829354286193848,0
1.2223314742181814463,1.222212285599999948,0.23294271528720855713,0.46335738897323608398,0
1.222102190578710168,1.222212285599999948,0.234375,0.5,0
1.2219706190427377379,1.222212285599999948,0.18593749403953552246,0.46279916167259216309,0
1.2223243021225700389,1.222212285599999948,0.1875,0.5,0
2.2241992143620805678,2.2813186678190042755,0.10169270634651184082,-0.36845877766609191895,0
2.2774119018837541972,2.2813186678190042755,0.10000000149011611938,-0.40621784329414367676,0
2.1441332116554918663,2.2813186678190042755,0.10338541865348815918,-0.33069968223571777344,0
2.1562959628385023336,2.2813186678190042755,0.05182291567325592041,-0.38129800558090209961,0
2.3290393781823470754,2.2813186678190042755,0.050000000745058059692,-0.41961529850959777832,0
2.0509216362355404684,2.2813186678190042755,0.05364583432674407959,-0.3429806828498840332,0
2.0337783382552201417,2.2813186678190042755,0.10507812350988388062,-0.29294061660766601562,0
1.8746191147416135792,2.2813186678190042755,0.10677083581686019897,-0.25518155097961425781,0
1.9101988711502342344,2.2813186678190042755,0.055468749254941940308,-0.30466338992118835449,0
1.7279695561837118412,1.222212285599999948,0.057291667908430099487,-0.26634609699249267578,0
2.0700358268511331872,2.2813186678190042755,0.001953125,-0.39413723349571228027,0
2.3454063618774871891,2.2813186678190042755,-2.0816681711721685133e-17,-0.43301275372505187988,0
1.9515103181079949124,2.2813186678190042755,0.00390625,-0.35526168346405029297,0
1.9658485082416008449,2.2813186678190042755,-0.04791666567325592041,-0.40697643160820007324,0
2.3281615428253106259,2.2813186678190042755,-0.050000000745058059692,-0.44641020894050598145,0
1.8341684306255823245,2.2813186678190042755,-0.04583333432674407959,-0.36754268407821655273,0
1.7911891151903522879,2.2813186678190042755,0.005859375,-0.31638616323471069336,0
1.6098829699732115639,1.222212285599999948,0.0078125,-0.27751061320304870605,0
1.6655574403350372759,1.222212285599999948,-0.043749999254941940308,-0.32810893654823303223,0
1.5026338232904734582,1.222212285599999948,-0.041666667908430099487,-0.28867515921592712402,0
1.6899422650165583093,1.222212285599999948,0.10846354067325592041,-0.21742247045040130615,0
1.5398026024143438573,1.222212285599999948,0.11015625298023223877,-0.17966338992118835449,0
1.5720282102678291292,1.222212285599999948,0.059114582836627960205,-0.22802877426147460938,0
1.4487150554753791543,1.222212285599999948,0.060937501490116119385,-0.18971148133277893066,0
1.4229910122439541897,1.222212285599999948,0.11184895783662796021,-0.14190430939197540283,0
1.3345468395127877415,1.222212285599999948,0.11354167014360427856,-0.1041452363133430481,0
1.3523055655240121542,1.222212285599999948,0.062760420143604278564,-0.15139417350292205811,0
1.2877568097387506185,1.222212285599999948,0.06458333134651184082,-0.11307686567306518555,0
1.4785007887883063749,1.222212285599999948,0.009765625,-0.23863509297370910645,0
1.3735469547079126595,1.222212285599999948,0.01171875,-0.19975955784320831299,0
1.3961492373011110679,1.222212285599999948,-0.039583332836627960205,-0.24924141168594360352,0
1.3150790401305458843,1.222212285599999948,-0.037500001490116119385,-0.20980764925479888916,0
1.2995538204909424795,1.222212285599999948,0.013671875,-0.16088403761386871338,0
1.2561391590834962706,1.222212285599999948,0.015625,-0.12200850248336791992,0
1.263819178969637802,1.222212285599999948,-0.035416666418313980103,-0.1703738868236541748,0
1.2358222091635469031,1.222212285599999948,-0.033333335071802139282,-0.1309401392936706543,0
1.278001677931804192,1.222212285599999948,0.115234375,-0.066386155784130096436,0
1.2440090765795155381,1.222212285599999948,0.11692707985639572144,-0.028627078980207443237,0
1.2494090046532406735,1.222212285599999948,0.06640625,-0.074759565293788909912,0
1.2288570633689668288,1.222212285599999948,0.06822916865348815918,-0.036442257463932037354,0
1.2266869959067487894,1.222212285599999948,0.11861979216337203979,0.0091319978237152099609,0
1.2222838130075219798,1.222212285599999948,0.12031249701976776123,0.046891074627637863159,0
1.2224151924873793984,1.222212285599999948,0.070052079856395721436,0.0018750458257272839546,0
1.2219846694299048018,1.222212285599999948,0.071874998509883880615,0.04019235074520111084,0
1.2320156530237627024,1.222212285599999948,0.017578125,-0.083132967352867126465,0
1.2228942323155012062,1.222212285599999948,0.01953125,-0.04425743594765663147,0
1.223821087315369649,1.222212285599999948,-0.03125,-0.091506376862525939941,0
1.221472391009731151,1.222212285599999948,-0.029166666790843009949,-0.052072618156671524048,0
1.2216204720373480264,1.222212285599999948,0.021484375,-0.0053819064050912857056,0
1.2222424002785239328,1.222212285599999948,0.0234375,0.033493623137474060059,0
1.222019424657133424,1.222212285599999948,-0.027083333581686019897,-0.012638858519494533539,0
1.2221119667212934079,1.222212285599999948,-0.025000000372529029846,0.026794899255037307739,0
1.2222668202371502755,1.222212285599999948,0.12200520932674407959,0.084650151431560516357,0
1.2223049567971906448,1.222212285599999948,0.12369791418313980103,0.12240923196077346802,0
1.2223776785015967317,1.222212285599999948,0.073697917163372039795,0.078509651124477386475,0
1.2223942346879730358,1.222212285599999948,0.075520835816860198975,0.11682695895433425903,0
1.222358268179206009,1.222212285599999948,0.12539061903953552246,0.16016830503940582275,0
1.2222741172830595691,1.222212285599999948,0.12708333134651184082,0.19792738556861877441,0
1.2223760883678618239,1.222212285599999948,0.07734374701976776123,0.15514425933361053467,0
1.2224319657150115592,1.222212285599999948,0.07916666567325592041,0.19346156716346740723,0
1.2222924850313772183,1.222212285599999948,0.025390625,0.072369158267974853516,0
1.2222399765724434317,1.222212285599999948,0.02734375,0.11124468594789505005,0
1.2221634021216607469,1.222212285599999948,-0.022916667163372039795,0.066228657960891723633,0
1.2223956801669761951,1.222212285599999948,-0.020833333954215049744,0.10566241294145584106,0
1.2223913382759217239,1.222212285599999948,0.029296875,0.15012021362781524658,0
1.222314958550067221,1.222212285599999948,0.03125,0.18899574875831604004,0
1.2224274708020337332,1.222212285599999948,-0.018750000745058059692,0.1450961679220199585,0
1.2224132006045362875,1.222212285599999948,-0.016666667535901069641,0.18452993035316467285,0
1.2222998762674910367,1.222212285599999948,0.12877604365348815918,0.23568646609783172607,0
1.222553596998088965,1.222212285599999948,0.13046875596046447754,0.27344554662704467773,0
1.2223623132690080162,1.222212285599999948,0.08098958432674407959,0.23177887499332427979,0
1.2221318704222798868,1.222212285599999948,0.08281250298023223877,0.27009618282318115234,0
1.222554598685099192,1.222212285599999948,0.13216145336627960205,0.31120461225509643555,0
1.2225794501737963227,1.222212285599999948,0.13385416567325592041,0.34896367788314819336,0
1.222023521258745804,1.222212285599999948,0.084635414183139801025,0.30841347575187683105,0
1.2219472050616126957,1.222212285599999948,0.086458332836627960205,0.34673076868057250977,0
1.2222780766794656415,1.222212285599999948,0.033203125,0.2278712838888168335,0
1.2226079546908632523,1.222212285599999948,0.03515625,0.26674681901931762695,0
1.2224233245985320906,1.222212285599999948,-0.014583333395421504974,0.22396369278430938721,0
1.2222015852222547494,1.222212285599999948,-0.012500000186264514923,0.26339745521545410156,0
1.2226527111113594248,1.222212285599999948,0.037109375,0.30562233924865722656,0
1.2225627310057882724,1.222212285599999948,0.0390625,0.34449788928031921387,0
1.2220591346093359064,1.222212285599999948,-0.010416666977107524872,0.30283120274543762207,0
1.2220934719858804751,1.222212285599999948,-0.0083333337679505348206,0.34226498007774353027,0
1.2225493474059576648,1.222212285599999948,0.13554687798023223877,0.38672277331352233887,0
1.2224974402742743163,1.222212285599999948,0.13723959028720855713,0.42448183894157409668,0
1.2219602982028787697,1.222212285599999948,0.088281251490116119385,0.38504809141159057617,0
1.2219831453735192639,1.222212285599999948,0.090104170143604278564,0.42336538434028625488,0
1.2225248023044066326,1.222212285599999948,0.13893228769302368164,0.46224093437194824219,0
1.2221206039165390944,1.222212285599999948,0.140625,0.5,0
1.2219054394009789544,1.222212285599999948,0.09192708134651184082,0.46168270707130432129,0
1.2221771601328095258,1.222212285599999948,0.09375,0.5,0
1.2225263770378294037,1.222212285599999948,0.041015625,0.38337340950965881348,0
1.2225111820483534064,1.222212285599999948,0.04296875,0.42224892973899841309,0
1.2220844615395831667,1.222212285599999948,-0.0062500000931322574615,0.38169872760772705078,0
1.2219052238277567923,1.222212285599999948,-0.0041666668839752674103,0.42113247513771057129,0
1.2225068256054696381,1.222212285599999948,0.044921875,0.46112447977066040039,0
1.2223833258286864734,1.222212285599999948,0.046875,0.5,0
1.2219287640202458611,1.222212285599999948,-0.0020833334419876337051,0.46056625247001647949,0
1.221917330780750488,1.222212285599999948,0,0.5,0
1.8421493812507463428,2.2813186678190042755,-0.09778645634651184082,-0.41981565952301025391,0
2.2631300832575020898,2.2813186678190042755,-0.10000000149011611938,-0.45980766415596008301,0
1.7078549041011839016,1.222212285599999948,-0.09557291865348815918,-0.3798236846923828125,0
1.6990628991145961812,2.2813186678190042755,-0.14765624701976776123,-0.43265488743782043457,0
2.1247126081783962448,2.2813186678190042755,-0.15000000596046447754,-0.47320508956909179688,0
1.5761152927726709283,1.222212285599999948,-0.14531250298023223877,-0.39210468530654907227,0
1.5490977665514400474,1.222212285599999948,-0.093359373509883880615,-0.3398316800594329834,0
1.4154341368157283831,1.222212285599999948,-0.091145835816860198975,-0.29983970522880554199,0
1.4401431987150581371,1.222212285599999948,-0.14296874403953552246,-0.35155445337295532227,0
1.3405255417567016885,1.222212285599999948,-0.140625,-0.31100425124168395996,0
1.5419606946608879205,1.222212285599999948,-0.19752603769302368164,-0.44549411535263061523,0
1.9055292492144966232,2.2813186678190042755,-0.20000000298023223877,-0.48660254478454589844,0
1.4484622056223057651,1.222212285599999948,-0.19505208730697631836,-0.40438565611839294434,0
1.3904370364019427164,1.222212285599999948,-0.24739582836627960205,-0.4583333432674407959,0
1.4950617591258239525,2.2813186678190042755,-0.25,-0.5,0
1.3372329636308033507,1.222212285599999948,-0.24479167163372039795,-0.4166666567325592041,0
1.3485955404662064439,1.222212285599999948,-0.19257812201976776123,-0.36327722668647766113,0
1.282559730079091409,1.222212285599999948,-0.19010417163372039795,-0.32216879725456237793,0
1.2768970067818399272,1.222212285599999948,-0.2421875,-0.375,0
1.2437767045765022456,1.222212285599999948,-0.23958332836627960205,-0.3333333432674407959,0
1.3319154416148382136,1.222212285599999948,-0.08893229067325592041,-0.25984773039817810059,0
1.2727346324826618318,1.222212285599999948,-0.08671875298023223877,-0.21985574066638946533,0
1.2810563347661099165,1.222212285599999948,-0.13828125596046447754,-0.27045404911041259766,0
1.2433447976590161765,1.222212285599999948,-0.13593749701976776123,-0.2299038320779800415,0
1.2395015155947619601,1.222212285599999948,-0.084505207836627960205,-0.17986375093460083008,0
1.2251199174089819621,1.222212285599999948,-0.082291670143604278564,-0.13987176120281219482,0
1.2265752961088878248,1.222212285599999948,-0.13359375298023223877,-0.18935361504554748535,0
1.2218257938536416507,1.222212285599999948,-0.13124999403953552246,-0.1488033980131149292,0
1.2464236074779173613,1.222212285599999948,-0.18763020634651184082,-0.28106033802032470703,0
1.227705224154690633,1.222212285599999948,-0.18515625596046447754,-0.23995190858840942383,0
1.2278019529351138495,1.222212285599999948,-0.23697917163372039795,-0.2916666567325592041,0
1.2219268440963633182,1.222212285599999948,-0.234375,-0.25,0
1.2219392847051495643,1.222212285599999948,-0.18268229067325592041,-0.19884347915649414062,0
1.2216063531074901061,1.222212285599999948,-0.18020834028720855713,-0.15773503482341766357,0
1.2217078931528875252,1.222212285599999948,-0.23177082836627960205,-0.20833332836627960205,0
1.2218151178138241253,1.222212285599999948,-0.22916667163372039795,-0.16666667163372039795,0
1.2216106957416950074,1.222212285599999948,-0.080078125,-0.099879778921604156494,0
1.2218870522093274733,1.222212285599999948,-0.077864579856395721436,-0.059887796640396118164,0
1.2217442044670272505,1.222212285599999948,-0.12890625,-0.10825318843126296997,0
1.2219434089736178617,1.222212285599999948,-0.12656250596046447754,-0.067702971398830413818,0
1.2220367135558833915,1.222212285599999948,-0.075651042163372039795,-0.019895810633897781372,0
1.2220678704519121194,1.222212285599999948,-0.07343749701976776123,0.02009617537260055542,0
1.2221395368388268121,1.222212285599999948,-0.12421874701976776123,-0.02715276181697845459,0
1.2220690583727442657,1.222212285599999948,-0.12187500298023223877,0.01339744962751865387,0
1.2218036591653049783,1.222212285599999948,-0.177734375,-0.11662659049034118652,0
1.2221203429220668379,1.222212285599999948,-0.17526040971279144287,-0.075518153607845306396,0
1.221813020447478193,1.222212285599999948,-0.2265625,-0.125,0
1.2221169486235659019,1.222212285599999948,-0.22395832836627960205,-0.083333335816860198975,0
1.2221560318879478579,1.222212285599999948,-0.17278645932674407959,-0.034409713000059127808,0
1.2220352813316397445,1.222212285599999948,-0.17031249403953552246,0.0066987248137593269348,0
1.2221675213419107564,1.222212285599999948,-0.22135417163372039795,-0.041666667908430099487,0
1.2221096056441094202,1.222212285599999948,-0.21875,6.0557619675405013578e-18,0
1.2221300823375369493,1.222212285599999948,-0.07122395932674407959,0.060088161379098892212,0
1.2221848439874312131,1.222212285599999948,-0.069010414183139801025,0.100080147385597229,0
1.2220277834316617405,1.222212285599999948,-0.11953125149011611938,0.053947661072015762329,0
1.2223188671371334468,1.222212285599999948,-0.1171875,0.09449787437915802002,0
1.2223043461195177706,1.222212285599999948,-0.066796876490116119385,0.14007213711738586426,0
1.2223221903896193119,1.222212285599999948,-0.06458333134651184082,0.18006411194801330566,0
1.2223779980102520426,1.222212285599999948,-0.11484374850988388062,0.13504809141159057617,0
1.2223756248392070312,1.222212285599999948,-0.11249999701976776123,0.17559829354286193848,0
1.222089582422156262,1.222212285599999948,-0.16783854365348815918,0.047807164490222930908,0
1.2220686269363698617,1.222212285599999948,-0.16536457836627960205,0.088915601372718811035,0
1.2220763045095934807,1.222212285599999948,-0.21614582836627960205,0.041666667908430099487,0
1.2221805754403196609,1.222212285599999948,-0.21354167163372039795,0.083333335816860198975,0
1.2221444068501150504,1.222212285599999948,-0.16289062798023223877,0.13002404570579528809,0
1.2223017258945449992,1.222212285599999948,-0.16041666269302368164,0.17113249003887176514,0
1.222269979559518216,1.222212285599999948,-0.2109375,0.125,0
1.2223006985039908123,1.222212285599999948,-0.20833332836627960205,0.16666667163372039795,0
1.2223377089646239035,1.222212285599999948,-0.062369789928197860718,0.22005610167980194092,0
1.2225466609948101304,1.222212285599999948,-0.060156248509883880615,0.26004809141159057617,0
1.2225114577176117159,1.222212285599999948,-0.11015625298023223877,0.21614851057529449463,0
1.2222421198046642399,1.222212285599999948,-0.10781250149011611938,0.25669872760772705078,0
1.2226575941874497921,1.222212285599999948,-0.057942707091569900513,0.30004006624221801758,0
1.2225977036846313872,1.222212285599999948,-0.05572916567325592041,0.34003207087516784668,0
1.2221124382091299587,1.222212285599999948,-0.10546875,0.29724892973899841309,0
1.2222218652259446703,1.222212285599999948,-0.10312499850988388062,0.33779916167259216309,0
1.222395281705203951,1.222212285599999948,-0.15794271230697631836,0.21224091947078704834,0
1.2225115300376563354,1.222212285599999948,-0.15546874701976776123,0.25334936380386352539,0
1.2224466311703232613,1.222212285599999948,-0.20572917163372039795,0.20833332836627960205,0
1.2222956404074682979,1.222212285599999948,-0.203125,0.25,0
1.2226568349378794665,1.222212285599999948,-0.15299479663372039795,0.29445779323577880859,0
1.2226038343199838732,1.222212285599999948,-0.15052083134651184082,0.33556625247001647949,0
1.2222239384606325974,1.222212285599999948,-0.20052082836627960205,0.2916666567325592041,0
1.2222478769077331773,1.222212285599999948,-0.19791667163372039795,0.3333333432674407959,0
1.2225333442641090897,1.222212285599999948,-0.053515624254941940308,0.38002404570579528809,0
1.2225561195151763982,1.222212285599999948,-0.051302082836627960205,0.42001602053642272949,0
1.2221689987978179293,1.222212285599999948,-0.10078124701976776123,0.37834936380386352539,0
1.221929921158094734,1.222212285599999948,-0.09843750298023223877,0.4188995659351348877,0
1.2225062373268154037,1.222212285599999948,-0.049088541418313980103,0.46000802516937255859,0
1.2226703477646658769,1.222212285599999948,-0.046875,0.5,0
1.2220079461044683899,1.222212285599999948,-0.096093751490116119385,0.4594497978687286377,0
1.2217004601195304847,1.222212285599999948,-0.09375,0.5,0
1.2225340040782708417,1.222212285599999948,-0.14804688096046447754,0.3766746819019317627,0
1.2226455949148293811,1.222212285599999948,-0.14557291567325592041,0.4177831113338470459,0
1.2222154864889878123,1.222212285599999948,-0.1953125,0.375,0
1.2220542429016525432,1.222212285599999948,-0.19270832836627960205,0.4166666567325592041,0
1.2225533490474005394,1.222212285599999948,-0.14309896528720855713,0.4588915705680847168,0
1.222824812520175275,1.222212285599999948,-0.140625,0.5,0
1.2219533428279243381,1.222212285599999948,-0.19010417163372039795,0.4583333432674407959,0
1.2216843782176760591,1.222212285599999948,-0.1875,0.5,0
1.2758798549948764389,1.222212285599999948,-0.28927952051162719727,-0.4583333432674407959,0
1.2544685509920421307,1.222212285599999948,-0.2916666567325592041,-0.5,0
1.2553945650110276411,1.222212285599999948,-0.28689235448837280273,-0.4166666567325592041,0
1.2293520364153047719,1.222212285599999948,-0.33116319775581359863,-0.4583333432674407959,0
1.2352669673893184044,1.222212285599999948,-0.3333333432674407959,-0.5,0
1.2264518062887981298,1.222212285599999948,-0.32899305224418640137,-0.4166666567325592041,0
1.2333519256687222043,1.222212285599999948,-0.2845052182674407959,-0.375,0
1.2251114111278871288,1.222212285599999948,-0.28211805224418640137,-0.3333333432674407959,0
1.2227455699429548019,1.222212285599999948,-0.3268229067325592041,-0.375,0
1.2214373119019061864,1.222212285599999948,-0.32465279102325439453,-0.3333333432674407959,0
1.220821287219487461,1.222212285599999948,-0.373046875,-0.4583333432674407959,0
1.2182870937588516913,1.222212285599999948,-0.375,-0.5,0
1.2207954967201184449,1.222212285599999948,-0.37109375,-0.4166666567325592041,0
1.2232408888692734017,1.222212285599999948,-0.41493055224418640137,-0.4583333432674407959,0
1.2247093194933207361,1.222212285599999948,-0.4166666567325592041,-0.5,0
1.2232055860878403575,1.222212285599999948,-0.41319444775581359863,-0.4166666567325592041,0
1.221859824136648065,1.222212285599999948,-0.369140625,-0.375,0
1.2223954059582480269,1.222212285599999948,-0.3671875,-0.3333333432674407959,0
1.2224516532725022699,1.222212285599999948,-0.4114583432674407959,-0.375,0
1.2215947379548710572,1.222212285599999948,-0.40972220897674560547,-0.3333333432674407959,0
1.2213830881693743535,1.222212285599999948,-0.27973091602325439453,-0.2916666567325592041,0
1.2217793779767538442,1.222212285599999948,-0.27734375,-0.25,0
1.2222301168287017514,1.222212285599999948,-0.32248264551162719727,-0.2916666567325592041,0
1.2220405916186747319,1.222212285599999948,-0.3203125,-0.25,0
1.2219473411994696832,1.222212285599999948,-0.27495658397674560547,-0.20833332836627960205,0
1.2215957904431500314,1.222212285599999948,-0.27256944775581359863,-0.16666667163372039795,0
1.2216150945550219298,1.222212285599999948,-0.31814235448837280273,-0.20833332836627960205,0
1.2218540924236356293,1.222212285599999948,-0.31597220897674560547,-0.16666667163372039795,0
1.221732351617025758,1.222212285599999948,-0.365234375,-0.2916666567325592041,0
1.2216484262565598939,1.222212285599999948,-0.36328125,-0.25,0
1.2220113497744384823,1.222212285599999948,-0.40798610448837280273,-0.2916666567325592041,0
1.2220169435437624461,1.222212285599999948,-0.40625,-0.25,0
1.2218487348898765532,1.222212285599999948,-0.361328125,-0.20833332836627960205,0
1.2218826251981289577,1.222212285599999948,-0.359375,-0.16666667163372039795,0
1.2216958906384565164,1.222212285599999948,-0.40451389551162719727,-0.20833332836627960205,0
1.2220972198913331308,1.222212285599999948,-0.40277779102325439453,-0.16666667163372039795,0
1.2219362444117116695,1.222212285599999948,-0.2701822817325592041,-0.125,0
1.2222336497497703345,1.222212285599999948,-0.26779514551162719727,-0.083333335816860198975,0
1.2221200297231207266,1.222212285599999948,-0.3138020932674407959,-0.125,0
1.2221171495280429564,1.222212285599999948,-0.31163194775581359863,-0.083333335816860198975,0
1.2221448789105540111,1.222212285599999948,-0.26540797948837280273,-0.041666667908430099487,0
1.2220742717599382132,1.222212285599999948,-0.2630208432674407959,6.0557619675405013578e-18,0
1.2220948689990980274,1.222212285599999948,-0.30946180224418640137,-0.041666667908430099487,0
1.2222199312388395409,1.222212285599999948,-0.3072916567325592041,6.0557619675405013578e-18,0
1.2221160670262485315,1.222212285599999948,-0.357421875,-0.125,0
1.2221087457419026467,1.222212285599999948,-0.35546875,-0.083333335816860198975,0
1.2222423516831606438,1.222212285599999948,-0.4010416567325592041,-0.125,0
1.2220070440118540045,1.222212285599999948,-0.39930555224418640137,-0.083333335816860198975,0
1.2221541588485123064,1.222212285599999948,-0.353515625,-0.041666667908430099487,0
1.2221508809448862198,1.222212285599999948,-0.3515625,6.0557619675405013578e-18,0
1.2221117294634451511,1.222212285599999948,-0.39756944775581359863,-0.041666667908430099487,0
1.222258089227879152,1.222212285599999948,-0.3958333432674407959,6.0557619675405013578e-18,0
1.2221689597720031273,1.222212285599999948,-0.26063367724418640137,0.041666667908430099487,0
1.2219764839847786497,1.222212285599999948,-0.25824654102325439453,0.083333335816860198975,0
1.2221724827361917232,1.222212285599999948,-0.30512154102325439453,0.041666667908430099487,0
1.2221115444858887678,1.222212285599999948,-0.30295139551162719727,0.083333335816860198975,0
1.2220091368365249007,1.222212285599999948,-0.255859375,0.125,0
1.222248465575805465,1.222212285599999948,-0.25347220897674560547,0.16666667163372039795,0
1.2222456866409008303,1.222212285599999948,-0.30078125,0.125,0
1.2222290388180514498,1.222212285599999948,-0.29861110448837280273,0.16666667163372039795,0
1.2221817442068048098,1.222212285599999948,-0.349609375,0.041666667908430099487,0
1.2220167093572946726,1.222212285599999948,-0.34765625,0.083333335816860198975,0
1.2221927141556678809,1.222212285599999948,-0.39409720897674560547,0.041666667908430099487,0
1.2221769624867702131,1.222212285599999948,-0.39236110448837280273,0.083333335816860198975,0
1.2219780436516542999,1.222212285599999948,-0.345703125,0.125,0
1.2221295757768955159,1.222212285599999948,-0.34375,0.16666667163372039795,0
1.2222532879016174689,1.222212285599999948,-0.390625,0.125,0
1.2221211155958175976,1.222212285599999948,-0.38888889551162719727,0.16666667163372039795,0
1.2223162589773794995,1.222212285599999948,-0.25108507275581359863,0.20833332836627960205,0
1.2224729782438403802,1.222212285599999948,-0.24869792163372039795,0.25,0
1.2223046813079117001,1.222212285599999948,-0.29644095897674560547,0.20833332836627960205,0
1.2223609049160413242,1.222212285599999948,-0.2942708432674407959,0.25,0
1.2226332071231165166,1.222212285599999948,-0.24631077051162719727,0.2916666567325592041,0
1.2225531036542895968,1.222212285599999948,-0.24392360448837280273,0.3333333432674407959,0
1.2223033276566688254,1.222212285599999948,-0.29210069775581359863,0.2916666567325592041,0
1.2222349518558839332,1.222212285599999948,-0.28993055224418640137,0.3333333432674407959,0
1.2222314341462952036,1.222212285599999948,-0.341796875,0.20833332836627960205,0
1.2224357512377657109,1.222212285599999948,-0.33984375,0.25,0
1.2221878729238573325,1.222212285599999948,-0.38715279102325439453,0.20833332836627960205,0
1.2223467920570514345,1.222212285599999948,-0.3854166567325592041,0.25,0
1.2225259381246842416,1.222212285599999948,-0.337890625,0.2916666567325592041,0
1.2225697502758581248,1.222212285599999948,-0.3359375,0.3333333432674407959,0
1.2223080859461379344,1.222212285599999948,-0.38368055224418640137,0.2916666567325592041,0
1.2222943552434721859,1.222212285599999948,-0.38194444775581359863,0.3333333432674407959,0
1.2225509563080605435,1.222212285599999948,-0.24153645336627960205,0.375,0
1.2227346036998043566,1.222212285599999948,-0.23914930224418640137,0.4166666567325592041,0
1.2222655268386635186,1.222212285599999948,-0.2877604067325592041,0.375,0
1.2221501058511876625,1.222212285599999948,-0.28559029102325439453,0.4166666567325592041,0
1.2226660948534238127,1.222212285599999948,-0.23676215112209320068,0.4583333432674407959,0
1.2228987462460663149,1.222212285599999948,-0.234375,0.5,0
1.2219390626383501708,1.222212285599999948,-0.28342014551162719727,0.4583333432674407959,0
1.2218008961604380769,1.222212285599999948,-0.28125,0.5,0
1.2226105812139640427,1.222212285599999948,-0.333984375,0.375,0
1.2227130597215110086,1.222212285599999948,-0.33203125,0.4166666567325592041,0
1.2222953770958726594,1.222212285599999948,-0.3802083432674407959,0.375,0
1.2221491377837441217,1.222212285599999948,-0.37847220897674560547,0.4166666567325592041,0
1.2229072014772535137,1.222212285599999948,-0.330078125,0.4583333432674407959,0
1.2228808362466183635,1.222212285599999948,-0.328125,0.5,0
1.2219799822229842068,1.222212285599999948,-0.37673610448837280273,0.4583333432674407959,0
1.2219622237216611893,1.222212285599999948,-0.375,0.5,0
1.221291466812096882,1.222212285599999948,-0.45681422948837280273,-0.4583333432674407959,0
1.2204066391793737534,1.222212285599999948,-0.4583333432674407959,-0.5,0
1.2213554330183673535,1.222212285599999948,-0.45529514551162719727,-0.4166666567325592041,0
1.2230040725337556484,1.222212285599999948,-0.4986979067325592041,-0.4583333432674407959,0
1.2239171857641553132,1.222212285599999948,-0.5,-0.5,0
1.2227074726411784056,1.222212285599999948,-0.4973958432674407959,-0.4166666567325592041,0
1.2216736471655205154,1.222212285599999948,-0.4537760317325592041,-0.375,0
1.2221404841434584387,1.222212285599999948,-0.45225694775581359863,-0.3333333432674407959,0
1.2223036597334409059,1.222212285599999948,-0.49609375,-0.375,0
1.2218237152426385528,1.222212285599999948,-0.4947916567325592041,-0.3333333432674407959,0
1.2211772911889899884,1.222212285599999948,-0.54058158397674560547,-0.4583333432674407959,0
1.2213718320083657431,1.222212285599999948,-0.5416666865348815918,-0.5,0
1.2214565762496105705,1.222212285599999948,-0.53949654102325439453,-0.4166666567325592041,0
1.2231719760245691742,1.222212285599999948,-0.58246529102325439453,-0.4583333432674407959,0
1.2228886116499757541,1.222212285599999948,-0.5833333134651184082,-0.5,0
1.2222534123159483066,1.222212285599999948,-0.58159720897674560547,-0.4166666567325592041,0
1.22156908666684072,1.222212285599999948,-0.5384114384651184082,-0.375,0
1.2219428516147088359,1.222212285599999948,-0.53732639551162719727,-0.3333333432674407959,0
1.2222161959338295745,1.222212285599999948,-0.5807291865348815918,-0.375,0
1.2220380256450709133,1.222212285599999948,-0.57986110448837280273,-0.3333333432674407959,0
1.2218273912762021016,1.222212285599999948,-0.45073783397674560547,-0.2916666567325592041,0
1.2215539500588998845,1.222212285599999948,-0.44921875,-0.25,0
1.2217852647006284261,1.222212285599999948,-0.4934895932674407959,-0.2916666567325592041,0
1.2219927639533825214,1.222212285599999948,-0.4921875,-0.25,0
1.221962159188748176,1.222212285599999948,-0.44769966602325439453,-0.20833332836627960205,0
1.2222001273237144137,1.222212285599999948,-0.44618055224418640137,-0.16666667163372039795,0
1.2220706373698229097,1.222212285599999948,-0.4908854067325592041,-0.20833332836627960205,0
1.2221858006058021751,1.222212285599999948,-0.4895833432674407959,-0.16666667163372039795,0
1.2218369594902036557,1.222212285599999948,-0.53624129295349121094,-0.2916666567325592041,0
1.2216881151772696068,1.222212285599999948,-0.53515625,-0.25,0
1.2216491377585381173,1.222212285599999948,-0.57899308204650878906,-0.2916666567325592041,0
1.2221570906002852119,1.222212285599999948,-0.578125,-0.25,0
1.2221789747172480123,1.222212285599999948,-0.53407120704650878906,-0.20833332836627960205,0
1.2222346982235627877,1.222212285599999948,-0.53298610448837280273,-0.16666667163372039795,0
1.2223630717879918617,1.222212285599999948,-0.57725691795349121094,-0.20833332836627960205,0
1.2220635643137065518,1.222212285599999948,-0.57638889551162719727,-0.16666667163372039795,0
1.2220849724145319559,1.222212285599999948,-0.4446614682674407959,-0.125,0
1.2220187256764654116,1.222212285599999948,-0.44314235448837280273,-0.083333335816860198975,0
1.2221574860428243703,1.222212285599999948,-0.48828125,-0.125,0
1.2220830032769502971,1.222212285599999948,-0.4869791567325592041,-0.083333335816860198975,0
1.2222343230399812519,1.222212285599999948,-0.44162327051162719727,-0.041666667908430099487,0
1.2221244264561410553,1.222212285599999948,-0.4401041567325592041,6.0557619675405013578e-18,0
1.222139694426862544,1.222212285599999948,-0.4856770932674407959,-0.041666667908430099487,0
1.2221823128785638257,1.222212285599999948,-0.484375,6.0557619675405013578e-18,0
1.222020679642636054,1.222212285599999948,-0.5319010615348815918,-0.125,0
1.2221153217247620049,1.222212285599999948,-0.53081595897674560547,-0.083333335816860198975,0
1.2221340906560709261,1.222212285599999948,-0.5755208134651184082,-0.125,0
1.2222589566548442974,1.222212285599999948,-0.57465279102325439453,-0.083333335816860198975,0
1.2222163883466623524,1.222212285599999948,-0.52973091602325439453,-0.041666667908430099487,0
1.2220748876523805926,1.222212285599999948,-0.5286458134651184082,6.0557619675405013578e-18,0
1.2220791484068040944,1.222212285599999948,-0.57378470897674560547,-0.041666667908430099487,0
1.2221441242542647743,1.222212285599999948,-0.5729166865348815918,6.0557619675405013578e-18,0
1.2221373234510650718,1.222212285599999948,-0.43858507275581359863,0.041666667908430099487,0
1.2221546229658519778,1.222212285599999948,-0.43706595897674560547,0.083333335816860198975,0
1.2222337075351867863,1.222212285599999948,-0.4830729067325592041,0.041666667908430099487,0
1.2222602098798871495,1.222212285599999948,-0.4817708432674407959,0.083333335816860198975,0
1.2219864079418092384,1.222212285599999948,-0.435546875,0.125,0
1.2220268088543331242,1.222212285599999948,-0.43402779102325439453,0.16666667163372039795,0
1.2222431714506039047,1.222212285599999948,-0.48046875,0.125,0
1.2221118309073204511,1.222212285599999948,-0.4791666567325592041,0.16666667163372039795,0
1.2221378604795394285,1.222212285599999948,-0.52756077051162719727,0.041666667908430099487,0
1.222209192037266412,1.222212285599999948,-0.52647566795349121094,0.083333335816860198975,0
1.2222922990820226374,1.222212285599999948,-0.57204860448837280273,0.041666667908430099487,0
1.2222376158011876157,1.222212285599999948,-0.57118058204650878906,0.083333335816860198975,0
1.222031837645042085,1.222212285599999948,-0.525390625,0.125,0
1.2220473953026160796,1.222212285599999948,-0.52430558204650878906,0.16666667163372039795,0
1.2222627916307102769,1.222212285599999948,-0.5703125,0.125,0
1.2221898977034559852,1.222212285599999948,-0.56944441795349121094,0.16666667163372039795,0
1.2221860693768458184,1.222212285599999948,-0.43250867724418640137,0.20833332836627960205,0
1.2222870721371252856,1.222212285599999948,-0.4309895932674407959,0.25,0
1.2221130947864653482,1.222212285599999948,-0.4778645932674407959,0.20833332836627960205,0
1.2222146556809125872,1.222212285599999948,-0.4765625,0.25,0
1.2223598814607354868,1.222212285599999948,-0.42947047948837280273,0.2916666567325592041,0
1.2226103575832849568,1.222212285599999948,-0.42795139551162719727,0.3333333432674407959,0
1.222318152454959117,1.222212285599999948,-0.4752604067325592041,0.2916666567325592041,0
1.2223416041979293656,1.222212285599999948,-0.4739583432674407959,0.3333333432674407959,0
1.2221371867007957412,1.222212285599999948,-0.52322047948837280273,0.20833332836627960205,0
1.2221214469974226446,1.222212285599999948,-0.5221354365348815918,0.25,0
1.2220441151128809132,1.222212285599999948,-0.56857639551162719727,0.20833332836627960205,0
1.2221166001409839996,1.222212285599999948,-0.5677083134651184082,0.25,0
1.2222605891412969825,1.222212285599999948,-0.52105033397674560547,0.2916666567325592041,0
1.2225560095933158955,1.222212285599999948,-0.51996529102325439453,0.3333333432674407959,0
1.22233116682103371,1.222212285599999948,-0.56684029102325439453,0.2916666567325592041,0
1.2222790019998890365,1.222212285599999948,-0.56597220897674560547,0.3333333432674407959,0
1.2226606557346813009,1.222212285599999948,-0.4264322817325592041,0.375,0
1.2226972888608804713,1.222212285599999948,-0.42491319775581359863,0.4166666567325592041,0
1.2222795839771243287,1.222212285599999948,-0.47265625,0.375,0
1.2222018358525554849,1.222212285599999948,-0.4713541567325592041,0.4166666567325592041,0
1.2230630701250213566,1.222212285599999948,-0.42339408397674560547,0.4583333432674407959,0
1.2229853844418347997,1.222212285599999948,-0.421875,0.5,0
1.2219963782227862836,1.222212285599999948,-0.4700520932674407959,0.4583333432674407959,0
1.2221918793369219713,1.222212285599999948,-0.46875,0.5,0
1.2226831086859413222,1.222212285599999948,-0.5188801884651184082,0.375,0
1.2228070025814239408,1.222212285599999948,-0.51779514551162719727,0.4166666567325592041,0
1.222244324722876474,1.222212285599999948,-0.5651041865348815918,0.375,0
1.2222977965374171028,1.222212285599999948,-0.56423610448837280273,0.4166666567325592041,0
1.2231124199635678984,1.222212285599999948,-0.51671004295349121094,0.4583333432674407959,0
1.2230922927848826287,1.222212285599999948,-0.515625,0.5,0
1.2221099453284991476,1.222212285599999948,-0.56336808204650878906,0.4583333432674407959,0
1.222156551900575483,1.222212285599999948,-0.5625,0.5,0
1.2213086782091386873,1.222212285599999948,-0.6243489384651184082,-0.4583333432674407959,0
1.2214367988393755038,1.222212285599999948,-0.625,-0.5,0
1.2214501035334965895,1.222212285599999948,-0.6236979365348815918,-0.4166666567325592041,0
1.2229737341830337893,1.222212285599999948,-0.66623264551162719727,-0.4583333432674407959,0
1.2221975739394979055,1.222212285599999948,-0.6666666865348815918,-0.5,0
1.2220673001711783723,1.222212285599999948,-0.66579860448837280273,-0.4166666567325592041,0
1.2216073260177404691,1.222212285599999948,-0.623046875,-0.375,0
1.2216580663947165242,1.222212285599999948,-0.6223958134651184082,-0.3333333432674407959,0
1.2222274876775756081,1.222212285599999948,-0.6653645634651184082,-0.375,0
1.2220767790758093607,1.222212285599999948,-0.66493058204650878906,-0.3333333432674407959,0
1.2208928138777035421,1.222212285599999948,-0.70811629295349121094,-0.4583333432674407959,0
1.221899168369474209,1.222212285599999948,-0.7083333134651184082,-0.5,0
1.2216690837279808868,1.222212285599999948,-0.70789933204650878906,-0.4166666567325592041,0
1.222212285599999948,1.222212285599999948,-0.75,-0.4583333432674407959,0
1.222212285599999948,1.222212285599999948,-0.75,-0.5,0
1.222212285599999948,1.222212285599999948,-0.75,-0.4166666567325592041,0
1.2217063318452314746,1.222212285599999948,-0.7076823115348815918,-0.375,0
1.2214001156388116787,1.222212285599999948,-0.70746529102325439453,-0.3333333432674407959,0
1.222212285599999948,1.222212285599999948,-0.75,-0.375,0
1.222212285599999948,1.222212285599999948,-0.75,-0.3333333432674407959,0
1.2219657719234211513,1.222212285599999948,-0.6217448115348815918,-0.2916666567325592041,0
1.2220382115170131954,1.222212285599999948,-0.62109375,-0.25,0
1.2218522745605231439,1.222212285599999948,-0.66449654102325439453,-0.2916666567325592041,0
1.2223276611591626928,1.222212285599999948,-0.6640625,-0.25,0
1.2221417429822722944,1.222212285599999948,-0.6204426884651184082,-0.20833332836627960205,0
1.2221455202644826432,1.222212285599999948,-0.6197916865348815918,-0.16666667163372039795,0
1.222309059179863322,1.222212285599999948,-0.66362845897674560547,-0.20833332836627960205,0
1.222046168929277643,1.222212285599999948,-0.66319441795349121094,-0.16666667163372039795,0
1.2222859853097456373,1.222212285599999948,-0.70724827051162719727,-0.2916666567325592041,0
1.2222364755995536179,1.222212285599999948,-0.70703125,-0.25,0
1.222212285599999948,1.222212285599999948,-0.75,-0.2916666567325592041,0
1.222212285599999948,1.222212285599999948,-0.75,-0.25,0
1.2219187903525086103,1.222212285599999948,-0.70681422948837280273,-0.20833332836627960205,0
1.2222015801500623056,1.222212285599999948,-0.70659720897674560547,-0.16666667163372039795,0
1.222212285599999948,1.222212285599999948,-0.75,-0.20833332836627960205,0
1.222212285599999948,1.222212285599999948,-0.75,-0.16666667163372039795,0
1.2221215198428161397,1.222212285599999948,-0.619140625,-0.125,0
1.2221851779285966,1.222212285599999948,-0.6184895634651184082,-0.083333335816860198975,0
1.22221863097495409,1.222212285599999948,-0.6627604365348815918,-0.125,0
1.2222806063196991477,1.222212285599999948,-0.66232639551162719727,-0.083333335816860198975,0
1.2221268644297678119,1.222212285599999948,-0.6178385615348815918,-0.041666667908430099487,0
1.2221322181594729273,1.222212285599999948,-0.6171875,4.5418212688602228801e-18,0
1.2220750515008966808,1.222212285599999948,-0.66189235448837280273,-0.041666667908430099487,0
1.2221998009835686183,1.222212285599999948,-0.6614583134651184082,3.0278809837702506789e-18,0
1.2222365646952242368,1.222212285599999948,-0.7063801884651184082,-0.125,0
1.2221188345118338958,1.222212285599999948,-0.70616316795349121094,-0.083333335816860198975,0
1.222212285599999948,1.222212285599999948,-0.75,-0.125,0
1.222212285599999948,1.222212285599999948,-0.75,-0.083333335816860198975,0
1.2221405321555571799,1.222212285599999948,-0.70594620704650878906,-0.041666667908430099487,0
1.2222205439642912506,1.222212285599999948,-0.7057291865348815918,1.5139404918851253395e-18,0
1.222212285599999948,1.222212285599999948,-0.75,-0.041666667908430099487,0
1.222212285599999948,1.222212285599999948,-0.75,0,0
1.222111350273016539,1.222212285599999948,-0.6165364384651184082,0.041666667908430099487,0
1.2221406872385569553,1.222212285599999948,-0.6158854365348815918,0.083333335816860198975,0
1.2222640823705781532,1.222212285599999948,-0.66102433204650878906,0.041666667908430099487,0
1.2221842153154924837,1.222212285599999948,-0.66059029102325439453,0.083333335816860198975,0
1.2221314094452135901,1.222212285599999948,-0.615234375,0.125,0
1.2221012337120837898,1.222212285599999948,-0.6145833134651184082,0.16666667163372039795,0
1.2222870069180291619,1.222212285599999948,-0.66015625,0.125,0
1.2222315836028219138,1.222212285599999948,-0.65972220897674560547,0.16666667163372039795,0
1.2220366948718495159,1.222212285599999948,-0.70551216602325439453,0.041666667908430099487,0
1.2221070536342983903,1.222212285599999948,-0.70529514551162719727,0.083333335816860198975,0
1.222212285599999948,1.222212285599999948,-0.75,0.041666667908430099487,0
1.222212285599999948,1.222212285599999948,-0.75,0.083333335816860198975,0
1.2221841513621651831,1.222212285599999948,-0.705078125,0.125,0
1.2220937336997983458,1.222212285599999948,-0.70486110448837280273,0.16666667163372039795,0
1.222212285599999948,1.222212285599999948,-0.75,0.125,0
1.222212285599999948,1.222212285599999948,-0.75,0.16666667163372039795,0
1.2220829566343740513,1.222212285599999948,-0.6139323115348815918,0.20833332836627960205,0
1.2220482068804623399,1.222212285599999948,-0.61328125,0.25,0
1.222075326993125266,1.222212285599999948,-0.65928816795349121094,0.20833332836627960205,0
1.2221444758390120899,1.222212285599999948,-0.6588541865348815918,0.25,0
1.2221594544295382168,1.222212285599999948,-0.6126301884651184082,0.2916666567325592041,0
1.2224086461749550381,1.222212285599999948,-0.6119791865348815918,0.3333333432674407959,0
1.2222783495568787515,1.222212285599999948,-0.65842014551162719727,0.2916666567325592041,0
1.2221950542175417098,1.222212285599999948,-0.65798610448837280273,0.3333333432674407959,0
1.2221252204918333639,1.222212285599999948,-0.70464408397674560547,0.20833332836627960205,0
1.2220798054737709304,1.222212285599999948,-0.7044270634651184082,0.25,0
1.222212285599999948,1.222212285599999948,-0.75,0.20833332836627960205,0
1.222212285599999948,1.222212285599999948,-0.75,0.25,0
1.2220440352721331223,1.222212285599999948,-0.70421004295349121094,0.2916666567325592041,0
1.2223068234329088622,1.222212285599999948,-0.70399308204650878906,0.3333333432674407959,0
1.222212285599999948,1.222212285599999948,-0.75,0.2916666567325592041,0
1.222212285599999948,1.222212285599999948,-0.75,0.3333333432674407959,0
1.2227235723810720991,1.222212285599999948,-0.611328125,0.375,0
1.2229391455014053669,1.222212285599999948,-0.6106770634651184082,0.4166666567325592041,0
1.2222412521244350181,1.222212285599999948,-0.6575520634651184082,0.375,0
1.2223253083811749242,1.222212285599999948,-0.65711808204650878906,0.4166666567325592041,0
1.2231553727843731405,1.222212285599999948,-0.6100260615348815918,0.4583333432674407959,0
1.223057830097183496,1.222212285599999948,-0.609375,0.5,0
1.2221990949609997656,1.222212285599999948,-0.65668404102325439453,0.4583333432674407959,0
1.2221292446371465612,1.222212285599999948,-0.65625,0.5,0
1.2227682981229690551,1.222212285599999948,-0.7037760615348815918,0.375,0
1.222973751354877292,1.222212285599999948,-0.70355904102325439453,0.4166666567325592041,0
1.222212285599999948,1.222212285599999948,-0.75,0.375,0
1.222212285599999948,1.222212285599999948,-0.75,0.4166666567325592041,0
1.2230597398431417577,1.222212285599999948,-0.70334202051162719727,0.4583333432674407959,0
1.2231934545716629525,1.222212285599999948,-0.703125,0.5,0
1.222212285599999948,1.222212285599999948,-0.75,0.4583333432674407959,0
1.222212285599999948,1.222212285599999948,-0.75,0.5,0
